uuid,Void/Retire,Fully specified name:en,Short name:en,Description,Data class,Data type,Complex data handler,Allow decimals,Units,Normal high,Normal low,Members,Answers,_version:1,_order:1000
9d91cb77-3f10-11e4-adec-0800271c1b75,,All Observation Templates,All Observation templates,,ConvSet,N/A,,,,,,,,,
5090AAAAAAAAAAAAAAAAAAAAAAAAAAAA,,HEIGHT (Metres),HEIGHT (Metres),,Misc,Numeric,,TRUE,,,,,,,
5089AAAAAAAAAAAAAAAAAAAAAAAAAAAA,,WEIGHT (KG),WEIGHT (KG),,Misc,Numeric,,TRUE,,,,,,,
c36bc411-3f10-11e4-adec-0800271c1b75,,Pulse,Pulse,,Misc,Numeric,,TRUE,,,,,,,
c36e9c8b-3f10-11e4-adec-0800271c1b75,,Systolic,Systolic,,Misc,Numeric,,TRUE,mm Hg,,,,,,
c379aa1d-3f10-11e4-adec-0800271c1b75,,Diastolic,Diastolic,,Misc,Numeric,,TRUE,mm Hg,,,,,,
c37bd733-3f10-11e4-adec-0800271c1b75,,Temperature,Temperature,,Misc,Numeric,,TRUE,,,,,,,
c37e0f37-3f10-11e4-adec-0800271c1b75,,RR,RR,,Misc,Numeric,,TRUE,,,,,,,
c3838414-3f10-11e4-adec-0800271c1b75,,SP02,SP02,,Misc,Numeric,,TRUE,,,,,,,
c45f6876-3f10-11e4-adec-0800271c1b75,,Normal,,,Misc,N/A,,,,,,,,,
79027967-3d19-49d3-950d-a3f316dd5513,,Intact,,,Misc,N/A,,,,,,,,,
54798d14-ae3b-4666-8667-a9be973f9996,,Moderate,,,Misc,N/A,,,,,,,,,
d57a9284-b79f-444f-8879-a56605aeb4e9,,Pit,,,Misc,N/A,,,,,,,,,
cf6a32ac-a578-4558-a72c-d0b9ba071ff4,,Not examined,,,Misc,N/A,,,,,,,,,
30e1c728-f008-4dd1-ab34-2c34a00fd3a5,TRUE,Reason For Death,,,Misc,Numeric,,,,,,c1935955-b2a5-47c2-8e78-1c9a44aeed54;42ff2076-d570-4703-a826-53432386d529,,,
cc79d9d9-1a2b-4efc-a5ea-602ce00467a9,,TestConcept,TestConcept,,Misc,N/A,,,,,,,,,
997b0514-b600-41d0-abd9-d0386401c754,,Mother,Mother,,Misc,N/A,,,,,,,,,
c351c46f-f75c-4c9a-8ed9-7c06e0559356,,Father,Father,,Misc,N/A,,,,,,,,,
44b2b272-761c-4edf-a640-a53ec6a426bf,,Guardian,Guardian,,Misc,N/A,,,,,,,,,
b65681ed-56d4-4db9-a82d-b4c62bd56ebc,,Other - Specify in Comment,,,Misc,N/A,,,,,,,,,
155aef1a-1d1b-4d11-b5b8-3904d0a26273,,Person attending with Patient Other,Name of Other,,Misc,Text,,,,,,,,,
0dbc4f2e-060c-4eab-9bc3-be19de4d14c8,,Name of Patient's Other Attending Person,Name of Other,,Misc,Text,,,,,,,,,
12aacf6c-a6ec-4d5f-bb48-b1980059e2c8,,Two in one (lip or palate),,,Misc,Coded,,,,,,,b1c872e5-224b-494e-ac33-978c07853f9b;f2355233-c552-4cd6-802f-0c7c75221f03,,
9a73377f-6f2f-4e3c-aa98-1abf3388e172,,Maxillary Osteotomy,,,Misc,Coded,,,,,,,b1c872e5-224b-494e-ac33-978c07853f9b;f2355233-c552-4cd6-802f-0c7c75221f03,,
37fe8e39-1caa-4353-bee8-f8d58bf690d8,,Premaxillary set back,,,Misc,Coded,,,,,,,a2065636-5326-40f5-aed6-0cc2cca81ccc;b497171e-0410-4d8d-bbd4-7e1a8f8b504e,,
78c5e35a-0a1b-4af2-a7ae-27fa21a80d06,,Columella lengthening,,,Misc,Coded,,,,,,,a2065636-5326-40f5-aed6-0cc2cca81ccc;b497171e-0410-4d8d-bbd4-7e1a8f8b504e,,
fc84773b-495b-4d8d-88dd-f7ce40a5cd7b,,Scar revision,,,Misc,Coded,,,,,,,a2065636-5326-40f5-aed6-0cc2cca81ccc;b497171e-0410-4d8d-bbd4-7e1a8f8b504e,,
799f7586-d931-40ac-9cef-79a85288fddb,,Hair graft,,,Misc,Coded,,,,,,,a2065636-5326-40f5-aed6-0cc2cca81ccc;b497171e-0410-4d8d-bbd4-7e1a8f8b504e,,
0530e550-ef7b-4838-8676-2b280692befd,,Other (spec,,,Test,Numeric,,,,,,,,,
ca1fea88-1d97-4523-868d-c09ec1747b8d,,Bilateral,,,Misc,N/A,,,,,,,,,
cb316b21-490c-4dd5-bf51-f428848789e6,,Bilateral - Left,,,Misc,N/A,,,,,,,,,
229b2a3e-450d-4dd7-8966-52f9ede25e09,,Bilateral - Right,,,Misc,N/A,,,,,,,,,
2a31fb2c-121f-4746-acf1-54b29ffde751,,Buccal Flap,,,Misc,N/A,,,,,,,,,
57ca9da0-396b-49a6-b647-f46937ae4bb7,,Buccinators flap,,,Misc,N/A,,,,,,,,,
1832d89d-611c-4a38-9df1-bddb13b87414,,Free flap,,,Misc,N/A,,,,,,,,,
1c219667-99b2-4a9e-ac0a-d70cb077d1b7,,Furlows Z-plasty,Furlow's Z-plasty,,Misc,N/A,,,,,,,,,
682933c2-4720-4b02-a7bf-eac06ef693cd,,Hynes phyrngoplasty,,,Misc,N/A,,,,,,,,,
e04ceb86-5c04-4408-bd81-8fbfea003a2e,,Inferiorly based pharyngeal flap,,,Misc,N/A,,,,,,,,,
a2db43b7-1c09-438e-8d9b-3a5d8867dcaf,,Local flap,,,Misc,N/A,,,,,,,,,
3d1baa14-6af8-481a-9632-f2ca981c29e3,,Mandibular set back (Sagital Osteotomy),,,Misc,N/A,,,,,,,,,
3fc9934d-f017-45ba-95dc-a2a5a91ca2cb,,Mandibular set back (Vertical Osteotomy),,,Misc,N/A,,,,,,,,,
a7580f46-40c9-4c83-a623-b5866e5657f7,,Nasal layer repair by Vomes flap,,,Misc,N/A,,,,,,,,,
cc28a371-0c3d-463f-aecc-f2e4803e8934,,Re-repair,,,Misc,N/A,,,,,,,,,
a2ff9414-6ea5-4512-b65c-45514f8cfa18,,Rotation - advancement variant,,,Misc,N/A,,,,,,,,,
55e3699e-8944-4310-8f1a-d0f5b9eef6e2,,Segmental Osteotomy,,,Misc,N/A,,,,,,,,,
5962cfeb-cb54-43c2-8829-9caa4bba8ca7,,Soft Palate repair,,,Misc,N/A,,,,,,,,,
929edf92-e360-49ed-8952-7f64b48a3622,,Sphincter Pharyngoplasty,,,Misc,N/A,,,,,,,,,
41fda1db-8df8-4972-b79e-9ac515554426,,Superiorly based pharyngeal flap,,,Misc,N/A,,,,,,,,,
589c9e5a-1d7c-4cf2-9416-cef59648df39,,Temporalis flap,,,Misc,N/A,,,,,,,,,
7cf11f01-86fb-4f1d-a416-43fe31cbc52d,,Tongue Flap,,,Misc,N/A,,,,,,,,,
41fda303-4ca7-4a36-adb1-55c308e81563,,Triangular Variant,,,Misc,N/A,,,,,,,,,
da2fee98-3452-4d08-8625-3c3fbd8fff48,,Two flaps technique,,,Misc,N/A,,,,,,,,,
685c07f1-05b6-47d8-997d-18e9bbd1a1fd,,Unilateral - right,,,Misc,N/A,,,,,,,,,
dad58e38-2fdc-49f5-b474-2c60a0f55e9e,,Unilateral - left,,,Misc,N/A,,,,,,,,,
60762fde-0a4d-42d5-a65e-6596aa83972a,,Intravelar Veloplasty,,,Misc,N/A,,,,,,,,,
ec88344a-dd76-437c-bf11-453629b224d9,,Lagenback technique,,,Misc,N/A,,,,,,,,,
07356ab8-b091-49d4-842e-1ae57e499052,,Left Osteotomy,,,Misc,N/A,,,,,,,,,
c76a148b-2de1-45e9-8dba-f08ae70d1a76,,Lefort Osteotomy,,,Misc,N/A,,,,,,,,,
371d1266-83fb-4cd0-ae59-4adc4042572f,,Prior Cleft Surgery: Date,Date (YYYY-MM-DD),,Misc,Date,,,,,,,,,
8f888e7d-0341-4966-8bfe-98f3cf99b3c7,,Prior Cleft Surgery: Location,Location,,Misc,Text,,,,,,,,,
01a01948-e599-4645-8d61-4719cd2ef82d,,Prior Cleft Surgery: Diagnosis if known,Diagnosis if known,,Misc,Text,,,,,,,,,
91925e03-0e11-46ab-8de3-904b72a7956a,,"Yes, No, Unknown",,,Misc,Coded,,,,,,,a2065636-5326-40f5-aed6-0cc2cca81ccc,,
6514614e-29e9-4fe3-b1ae-e6bde7514bf0,,Yes (Describe in Note),,,Misc,N/A,,,,,,,,,
646e32bf-20c9-4d86-89e5-effcacacb555,,No. old ONE,No,,Misc,N/A,,,,,,,,,
938b8fe6-e4d6-4545-9a78-56eae22ffae0,,Not,,,Misc,N/A,,,,,,,,,
302462e0-cfc6-461a-bcdf-cb5dac3fc953,,Unknown with comment,,,Test,Numeric,,,,,,,,,
965c0ad7-f74d-406e-a812-01ea44f074a6,,Other craniofacial deformities,,,Misc,Coded,,,,,,,a2065636-5326-40f5-aed6-0cc2cca81ccc;b497171e-0410-4d8d-bbd4-7e1a8f8b504e;3b75cc72-924b-4d36-8891-95484287495e,,
82502f72-bb72-4e2d-9e93-9571e991829d,,Discuss in Cleft Team meeting,,,Misc,Coded,,,,,,,a2065636-5326-40f5-aed6-0cc2cca81ccc;b497171e-0410-4d8d-bbd4-7e1a8f8b504e,,
8162f875-7e40-4fef-9526-fa9726579871,,Summary of Present Evaluation,Summary,,Misc,Text,,,,,,,,,
38a3f4ac-c6cc-4843-aea9-d5f575e0f39c,,Mekonen,,,Misc,N/A,,,,,,,,,
10d9b4ee-755f-42d4-b003-7ba5e71f9792,,Bethelihem,,,Misc,N/A,,,,,,,,,
a4590533-9246-49f0-8bf8-c4efced205a0,,Meserat,,,Misc,N/A,,,,,,,,,
2c45bab0-8b80-420f-9967-d26ef6dce2dc,TRUE,Hanna,,,Misc,N/A,,,,,,,,,
21c11acf-8a54-44cb-844c-b27f4b5afc4c,,Doctor,,,Misc,N/A,,,,,,,,,
2dcfdf72-b8d2-4ecb-a952-04e3241a0b3c,,Registration Clerk,,,Misc,N/A,,,,,,,,,
a9390e6f-f0cd-4b10-b7f3-83e28eb522a5,,Nurse,,,Misc,N/A,,,,,,,,,
9cea7f5c-2c1b-4b38-87e0-e4a035dd93a6,,Cleft Description,,,Misc,Coded,,,,,,,,,
d092fbe0-c8fb-4eba-80ca-b52eef8b0ff8,,Not Cleft,,,Misc,N/A,,,,,,,,,
054a3db2-ec29-4633-9206-7f3f7ee38385,,Complete Cleft,,,Misc,N/A,,,,,,,,,
89940b37-ea9f-4a43-8ce7-4dfda935c765,,Incomplete Cleft,,,Misc,N/A,,,,,,,,,
27d629f2-8495-478c-bc00-f162672c2552,,Submucous,,,Misc,N/A,,,,,,,,,
597af7d8-6d6a-4e90-a9f3-c17822f2996e,,Cleft Description for Diagnosis,Cleft Description,,ConvSet,N/A,,,,,,,,,
b60eb2ed-2b3a-4802-ba98-04d5c118c848,TRUE,Cleft Diagnosis Form 2,Cleft Diagnosis,,Misc,N/A,,,,,,,,,
30f2fb25-be57-43b9-8510-22e31744a9ea,TRUE,Cleft Diagnosis Note,Note,,Misc,Text,,,,,,,,,
a607f4b7-6170-40fd-b942-35a3c9bcb145,,"Registered, awaiting Evaluation",,,Misc,Date,,,,,,,,,
ef61e710-a5b6-41fc-9848-9d9825408f83,,1 year review complete,,,Misc,N/A,,,,,,,,,
e964f596-9703-4a76-832f-4cc26b0353ec,,1st session,,,Misc,N/A,,,,,,,,,
9be91fbd-6c81-486a-b933-579f82221cbf,,2nd Session,Second Session,,Misc,N/A,,,,,,,,,
e43d5a2b-fb71-4f68-b3a5-62d362182040,,Discharged,,,Misc,N/A,,,,,,,,,
dc7aa79f-6b05-48fb-842c-c7d20e4162e9,,Treatment plan determined,,,Misc,N/A,,,,,,,,,
2b681359-2a5d-4160-8a46-609ac38c25b0,,Lost to Followup,,,Misc,N/A,,,,,,,,,
8abe3205-9ca0-4031-b18a-fd75e40ef0db,,Transferred out of clinic,,,Misc,N/A,,,,,,,,,
31d518f8-4d06-4ea7-82ef-51c3d9fc5e83,,Left Cleft program,,,Misc,N/A,,,,,,,,,
36fed226-edbd-4ead-b5b7-ba2e26df5a39,,Died,,,Misc,N/A,,,,,,,,,
728523d2-2ae5-4c13-953c-0d82a5441de7,,Other Cleft Surgery,Other Cleft Surgery (Describe in Note),,Misc,Coded,,,,,,,a2065636-5326-40f5-aed6-0cc2cca81ccc;b497171e-0410-4d8d-bbd4-7e1a8f8b504e,,
b95331db-8723-4b49-9999-949a7e71eef0,,Intake complete,,,Misc,N/A,,,,,,,,,
86822a5d-1ef4-4af9-90d8-69e9fe46720e,,Diagnosis determined,,,Misc,N/A,,,,,,,,,
b6eca1a6-f3a7-4661-8bdf-e7ed9f177008,,Reviewed in team meeting,,,Misc,N/A,,,,,,,,,
d3fae7b9-139b-4fd5-8a3a-f035f4f84f74,,3-month review complete,,,Misc,N/A,,,,,,,,,
31e352cf-2f7d-41d4-8dc1-c9691bfca9ec,,2 year review complete,,,Misc,N/A,,,,,,,,,
d873e29f-5b35-41bb-bacc-1405829de159,,3 year review complete,,,Misc,N/A,,,,,,,,,
2c384bbc-a863-472f-9324-1e427f1a39ba,,4 year review complete,,,Misc,N/A,,,,,,,,,
422d1b58-b7d1-431d-8738-fc4641a22963,,Monthly review complete,,,Misc,N/A,,,,,,,,,
1341de70-b329-4764-b82d-db70044c65e6,,Annual review complete,,,Misc,N/A,,,,,,,,,
ca43e2c8-3ccb-430f-8753-2a28ad3a709e,,Cleft Care Program,,,Misc,N/A,,,,,,,,,
d231899b-0474-41a7-84cb-dc6a586b49e4,,Is under Evaluation,,,Misc,Date,,,,,,,,,
af05204d-cd2e-4edb-ba3b-89c4ff366bba,,Therapy session,,,Misc,N/A,,,,,,,,,
f0ef4867-f4e9-4fdc-b5f1-f7f3ac11beaa,,Therapy complete,,,Misc,N/A,,,,,,,,,
def794f4-142b-4274-8998-4c26316b0a28,,Speech Therapy Program,,,Misc,N/A,,,,,,,,,
b124e993-5203-4868-8547-7312ce56cd11,,Speech Therapy - Type 1,Type 1,,Misc,N/A,,,,,,,,,
3c5367c3-3918-4fe3-8ee0-24abe5c7d03c,,Speech Therapy - Type 2,Type 2,,Misc,N/A,,,,,,,,,
46f2008d-896a-4a99-ad7b-c2e21a99f573,,Adequate,,,Misc,N/A,,,,,,,,,
19445afc-e20a-4a9b-91d3-e35c8ba05365,,Inadequate,Inadequate (describe in note),,Misc,N/A,,,,,,,,,
c1a98c2f-a037-4a6d-a1f1-39fbbbf22003,,Abnormal,,,Misc,N/A,,,,,,,,,
edd588bb-8474-4d16-b0d3-c9116f6119e8,,Age Appropriate,,,Misc,N/A,,,,,,,,,
91359b65-77dc-463f-9957-5567f78cb914,,Delayed - Mild,,,Misc,N/A,,,,,,,,,
a814089b-843c-47f7-8192-61602c82bc21,,Delayed - Moderate,,,Misc,N/A,,,,,,,,,
7608483e-ddaf-48be-bfe7-935c72fdb37b,,Delayed - Severe,,,Misc,N/A,,,,,,,,,
131394eb-204c-41e3-890d-45e6e670616b,,Appropriate,,,Misc,N/A,,,,,,,,,
74aae598-0ec1-483e-99e5-72c11af692c4,,Inappropriate - High,,,Misc,N/A,,,,,,,,,
46c8804d-0a00-4180-b80f-e5f09451e107,,Inappropriate - Low,,,Misc,N/A,,,,,,,,,
24453c53-8923-4deb-bd58-6666eac9897d,,Inappropriate - Soft,,,Misc,N/A,,,,,,,,,
d1502e5f-2b01-48d2-a3a8-c16c2d108dfd,,Inappropriate - Breaks,,,Misc,N/A,,,,,,,,,
4d6a43c0-3e18-4f71-ba34-4dc78bae4bdd,,Inappropriate - Nasal,,,Misc,N/A,,,,,,,,,
3234690b-0a67-4fd0-b027-0940aade5a34,,Inappropriate - Hoarse,,,Misc,N/A,,,,,,,,,
b4d2bb2e-6aeb-486c-9bf7-f07a4eeadd8e,,Inappropriate - Harsh,,,Misc,N/A,,,,,,,,,
c97a4b31-f0b6-4fd3-8caa-3e4fffa11d8b,,Inappropriate - Breathy,,,Misc,N/A,,,,,,,,,
08a18f78-66b3-4cd1-8865-bf3d342bc23d,,Inappropriate - Strained,,,Misc,N/A,,,,,,,,,
2a592bb3-6d2b-4f14-89dc-47e537c61d1c,,Inappropriate - Aphonic,,,Misc,N/A,,,,,,,,,
ae7c6c2a-c711-4bb7-9b6c-6346ba9c52ab,,Hyponasality - Mild,,,Misc,N/A,,,,,,,,,
32c54e77-5126-4448-b027-4a8d7f60a256,,Hyponasality - Moderate,,,Misc,N/A,,,,,,,,,
228ae12c-3c48-42cc-b15b-f38e70f705a7,,Hyponasality - severe,,,Misc,N/A,,,,,,,,,
a16d3e0f-9be2-4bad-a1a1-174c332c1219,,Hypernasality - mild,,,Misc,N/A,,,,,,,,,
13de5d71-6204-499d-ab32-2629f3ce919c,,Hypernasality - moderate,,,Misc,N/A,,,,,,,,,
2b51553e-02f0-4e3d-aeb9-770f7f5021f8,,Hypernasality - Severe,,,Misc,N/A,,,,,,,,,
0372400f-a051-495d-b2ab-33dd025f66da,,Fair,,,Misc,N/A,,,,,,,,,
39a19f17-402e-40a8-841c-1feb4bc16640,,Poor,,,Misc,N/A,,,,,,,,,
6fec766c-62b5-451a-8e94-97e71e04c30b,,Passed,,,Misc,N/A,,,,,,,,,
481d7bba-8ce0-4d0c-a7f6-6d3d890c4e8b,,Failed,,,Misc,N/A,,,,,,,,,
a1212087-35f0-4a94-98d5-495119714b01,,Below Average,,,Misc,N/A,,,,,,,,,
2ed5bb3c-c008-4b02-a4af-8e0d68405fd6,,Average,,,Misc,N/A,,,,,,,,,
0f68e2e0-7a8b-48dc-a7d1-4a804b82bd3d,,Above Average,,,Misc,N/A,,,,,,,,,
85c79283-18a4-4d95-bdd4-3bede3e1c473,,Examined,,,Misc,N/A,,,,,,,,,
3f9905a5-3b2d-4dbc-b17a-5b2a50216450,,Scarred,,,Misc,N/A,,,,,,,,,
7f2b54a7-cde0-4437-996f-881b9220a244,,Narrow,,,Misc,N/A,,,,,,,,,
e8f9cdc5-1cec-451c-8792-74b9be978f30,,Repaired,,,Misc,N/A,,,,,,,,,
39edec5d-dc50-4f12-b440-3e23688506b1,,Deviant Left,,,Misc,N/A,,,,,,,,,
0e0196f8-b8a0-4e8c-bd62-6b4daab02345,,Deviant Right,,,Misc,N/A,,,,,,,,,
8d768a1b-5084-4cd2-9286-567f8feb35f8,,Slight or None,,,Misc,N/A,,,,,,,,,
f04f030d-5ab8-4123-8c72-175af0d50f75,,Apparently Normal,,,Misc,N/A,,,,,,,,,
4d9434de-048a-4016-960a-321c73e4d2ac,,Short,,,Misc,N/A,,,,,,,,,
6b83cdbf-1f9b-4281-a1ed-0184886f5a5b,,Bifid Uvula,,,Misc,N/A,,,,,,,,,
88c4ccbc-9e92-4057-9bbc-2216044907e5,,Given,,,Misc,N/A,,,,,,,,,
6ea87999-e358-4cf8-a022-09ae3ff73c12,,Not Given,,,Misc,N/A,,,,,,,,,
cf3ae83c-412b-488a-8891-ccc51a43f89c,,Auditory,,,Misc,N/A,,,,,,,,,
11b35c65-0b8f-4f88-85f5-b028bb267b14,,Visual,,,Misc,N/A,,,,,,,,,
1cac8fcc-8015-4f56-8be2-5235c8812ae7,,Auditory and Visual,,,Misc,N/A,,,,,,,,,
3e44b03a-8b41-4752-abff-10567397f47f,,Clinician,,,Misc,N/A,,,,,,,,,
ee368a30-bd1d-4ccf-96fc-d4af831724ad,,Family,,,Misc,N/A,,,,,,,,,
26d7bc4d-f22c-4e4c-b2fa-ed860bbb05c0,,Others (Describe in note),Other (Describe in Note),,Misc,N/A,,,,,,,,,
1efa5192-845a-46ea-b1ef-fa70e4ff28ce,,Inaudible,,,Misc,N/A,,,,,,,,,
8d0f1beb-af17-43d1-a24b-bf39f9654af9,,Audible,,,Misc,N/A,,,,,,,,,
45aaf332-1710-4182-a150-2567684039a3,,Active (Learned),,,Misc,N/A,,,,,,,,,
017c2077-5cb7-4ac8-9fc7-e915c8f78285,,Passive (Obligatory),,,Misc,N/A,,,,,,,,,
6de76ab7-3417-4c04-af64-0f34a1d154c1,,No Grimace,,,Misc,N/A,,,,,,,,,
26fb968f-0ca8-4952-9c5e-5ffe60eb349d,,Nasal Grimace,,,Misc,N/A,,,,,,,,,
c85c8d43-ed39-407d-9cdd-33ef0dd69d25,,Facial Grimace,,,Misc,N/A,,,,,,,,,
f6c74fa2-2ce2-44d8-91b4-5a6afd563e17,,Slow,,,Misc,N/A,,,,,,,,,
25bed83a-0e21-419a-852b-e66383d01136,,Fast,,,Misc,N/A,,,,,,,,,
7331fba1-a383-4df4-a1b3-04790cff8e02,,No Concern,,,Misc,N/A,,,,,,,,,
50445246-bd3f-4d0c-b4aa-71f7a356a99f,,Mild,,,Misc,N/A,,,,,,,,,
da189ee8-b1b9-4fe4-b41f-1e40d23edaab,,Speech Therapy - Motor Milestones,Motor Milestones,,Misc,Text,,,,,,,,,
4f4e8a70-2b10-4904-b5a2-e6035683cfe2,,Speech Therapy - Speech and Language Milestones,Speech and Language Milestones,,Misc,Text,,,,,,,,,
bec3dfe2-309c-42d2-9a47-0fb48090ca42,,Speech Therapy - Language and Communication,Language and Communication,,Misc,Text,,,,,,,,,
fdb35d3b-8166-4099-a658-d9b1d40e859e,,Liquids,,,Misc,Coded,,,,,,,c4596f8c-3f10-11e4-adec-0800271c1b75;c459ee22-3f10-11e4-adec-0800271c1b75,,
88ba109b-0596-4c87-9e7c-5dd1c7ae340b,,Semisolids,,,Misc,Coded,,,,,,,c4596f8c-3f10-11e4-adec-0800271c1b75;c459ee22-3f10-11e4-adec-0800271c1b75,,
cf87c204-c512-4b06-b1a6-c0c1aea1913d,,Solids,,,Misc,Coded,,,,,,,c4596f8c-3f10-11e4-adec-0800271c1b75;c459ee22-3f10-11e4-adec-0800271c1b75,,
7868509d-907b-40c4-8078-b5b290bf9bb7,,Social Smile,,,Misc,Coded,,,,,,,c4596f8c-3f10-11e4-adec-0800271c1b75;c459ee22-3f10-11e4-adec-0800271c1b75,,
a545f980-d57d-4cc2-bd8f-f0fbf8c07d38,,Alertness,,,Misc,Coded,,,,,,,c4596f8c-3f10-11e4-adec-0800271c1b75;c459ee22-3f10-11e4-adec-0800271c1b75,,
46a9f626-68f3-4a4c-8248-d097f85da8fa,,Cooing,,,Misc,Coded,,,,,,,c4596f8c-3f10-11e4-adec-0800271c1b75;c459ee22-3f10-11e4-adec-0800271c1b75,,
5e4f3782-47b8-44e0-a4c5-a6e3aecec861,,Babbling,,,Misc,Coded,,,,,,,c4596f8c-3f10-11e4-adec-0800271c1b75;c459ee22-3f10-11e4-adec-0800271c1b75,,
d524cd7f-3538-4253-b854-d7a86715184a,,Gesture Request by Pointing,,,Misc,Coded,,,,,,,c4596f8c-3f10-11e4-adec-0800271c1b75;c459ee22-3f10-11e4-adec-0800271c1b75,,
395e719d-3e1d-4531-acca-f35f0f78787a,,Understands Person and Object Names,Understands names,,Misc,Coded,,,,,,,c4596f8c-3f10-11e4-adec-0800271c1b75;c459ee22-3f10-11e4-adec-0800271c1b75,,
668bcf26-2c0f-4beb-93b6-c0aa7d0091e3,,Identifies Family Members,,,Misc,Coded,,,,,,,c4596f8c-3f10-11e4-adec-0800271c1b75;c459ee22-3f10-11e4-adec-0800271c1b75,,
2996a5f5-2ef2-4c9b-9592-21904d6a7fd3,,Inhibits to NO,Inhibits to 'no',,Misc,Coded,,,,,,,c4596f8c-3f10-11e4-adec-0800271c1b75;c459ee22-3f10-11e4-adec-0800271c1b75,,
2b94e80a-bbec-4beb-85e5-69a9582efe73,,True Words,,,Misc,Coded,,,,,,,c4596f8c-3f10-11e4-adec-0800271c1b75;c459ee22-3f10-11e4-adec-0800271c1b75,,
04bc0635-bb2a-4fa5-b208-003d80c12fe8,,Test Administered,,,Misc,Coded,,,,,,,a2065636-5326-40f5-aed6-0cc2cca81ccc;b497171e-0410-4d8d-bbd4-7e1a8f8b504e,,
b5b8f3d2-e91a-4b3c-b96f-bd2f6908d8be,,Test Results Comment,,,Misc,Text,,,,,,,,,
1f2f73b0-3ab5-4661-b9ef-b0ed36c9c930,,Inappropriate - Loud,,,Misc,N/A,,,,,,,,,
74c4dfe5-6a6b-4c26-82e8-421521ae5045,,Other Difficulties,,,Misc,Coded,,,,,,,a2065636-5326-40f5-aed6-0cc2cca81ccc;b497171e-0410-4d8d-bbd4-7e1a8f8b504e,,
3c0556e1-1465-43c7-abff-d319b1eb8988,,Age of Admission,,,Misc,Numeric,,,,,,,,,
23d781d5-4299-491b-a39a-0ce73dd24ab3,,Current school grade,,,Misc,Numeric,,,,,,,,,
6fa8e570-a973-4c9c-bdcf-18376d024fa4,,Years of Study,,,Misc,Numeric,,,,,,,,,
df797203-495d-4fa0-8a83-a21b3000d282,,Name of school or college,,,Misc,Text,,,,,,,,,
3769e14e-543f-44df-ae87-d4ca01c94e85,,Address of school or college,,,Misc,Text,,,,,,,,,
ca7952d8-dc0c-4222-b684-a202ba7730ca,,Oronasal Fistula - Location,Location (describe),,Misc,Text,,,,,,,,,
dbdd1f73-76a8-411d-b74f-428f641832d0,,Articulation and Phonology - Test results,Test Results,,Misc,Text,,,,,,,,,
41eb3fb3-09a0-42e4-b660-5d8c114b49a9,,Cleft Type Characteristics - Fronting Errors,Fronting errors,,Misc,Coded,,,,,,,a2065636-5326-40f5-aed6-0cc2cca81ccc;b497171e-0410-4d8d-bbd4-7e1a8f8b504e,,
035d5017-4b81-489f-8ec5-a57a6cae53b6,,Cleft Type Characteristics - backing errors - glottal,Backing errors - glottal,,Misc,Coded,,,,,,,a2065636-5326-40f5-aed6-0cc2cca81ccc;b497171e-0410-4d8d-bbd4-7e1a8f8b504e,,
07b941a8-197d-491f-9371-edc9ca48d3be,,Cleft Type Characteristics - backing errors - pharyngeal,Backing errors - pharyngeal,,Misc,Coded,,,,,,,a2065636-5326-40f5-aed6-0cc2cca81ccc;b497171e-0410-4d8d-bbd4-7e1a8f8b504e,,
d38e09bd-2c56-427f-9b1e-245ad84db3ea,,Cleft Type Characteristics - Active Nasal Fricative,Active Nasal Fricative,,Misc,Coded,,,,,,,a2065636-5326-40f5-aed6-0cc2cca81ccc;b497171e-0410-4d8d-bbd4-7e1a8f8b504e,,
ea967cd1-2c1f-4296-8d69-8175aa138663,,"Cleft Type Characteristics - Weak, Nasalized consonants","Weak, Nasalized consonants",,Misc,Coded,,,,,,,a2065636-5326-40f5-aed6-0cc2cca81ccc;b497171e-0410-4d8d-bbd4-7e1a8f8b504e,,
b10ff25a-045a-4acf-b775-feb0a358b234,,Cleft Type Characteristics - Double Articulation,Double Articulation,,Misc,Coded,,,,,,,a2065636-5326-40f5-aed6-0cc2cca81ccc;b497171e-0410-4d8d-bbd4-7e1a8f8b504e,,
9fd6b315-22a7-4de3-be81-4006a17ae47c,,Cleft Type Characteristics - Consonant Omissions,Consonant Omissions,,Misc,Coded,,,,,,,a2065636-5326-40f5-aed6-0cc2cca81ccc;b497171e-0410-4d8d-bbd4-7e1a8f8b504e,,
cca67b42-530b-4401-aab6-70520ad3a9e9,,Slight,,,Misc,N/A,,,,,,,,,
1f15be96-521c-42ab-86d2-b457149bf47e,,Replacing,,,Misc,N/A,,,,,,,,,
ff91ac17-aae3-4306-a034-f78332aaab96,,Accompanying,,,Misc,N/A,,,,,,,,,
ecdd0760-7b9c-4872-b1ea-a45d08cd0536,,Fluency - Inflections,Inflections,,Misc,Coded,,,,,,,c4596f8c-3f10-11e4-adec-0800271c1b75;c459ee22-3f10-11e4-adec-0800271c1b75,,
7fe3b96b-bf0c-4c0a-b25f-43649448bdfc,,Fluency - Dysfluency,Dysfluency,,Misc,Coded,,,,,,,c4596f8c-3f10-11e4-adec-0800271c1b75;c459ee22-3f10-11e4-adec-0800271c1b75,,
035da002-8220-4816-a342-84a4af58b854,,Speech Therapy - Video Endoscopic Exam Summary,Video Endoscopic Exam Summary,,Misc,Text,,,,,,,,,
e6fb7bbc-f8ba-47d1-a255-36198f322e2e,,Speech Assessment Comment - 0-3yrs,Comment,,Misc,Text,,,,,,,,,
ec3c058d-a151-4a71-a4bf-bb4fc3d6e305,,Speech Assessment Recommendation - 0 - 3yrs,Recommendation,,Misc,Text,,,,,,,,,
57a2824a-a964-4107-b906-4a6ae36a124b,,"Speech Therapy - Pre, Peri and Post Nasal History","Pre, Peri and Post Nasal History",,Misc,Text,,,,,,,,,
6e6e4f78-b7b0-4c8f-9f37-9ec217103a75,,Speech History - Feeding History,Feeding History,,Misc,Text,,,,,,,,,
c5a20672-5c6d-481d-9bf9-5b3ad9621ce2,,Speech Therapy - Session Number,Session Number,,Misc,Numeric,,,,,,,,,
131f0955-8b76-4816-8567-367f4b301225,,Speech Therapy - Patient Age,Patient Age (at time of therapy session),,Misc,Numeric,,,,,,,,,
d64dfc13-a16d-4639-90e5-9efec398fee8,,Speech Therapy - Session Summary,Session Summary,,Misc,Text,,,,,,,,,
ea1225e7-d575-41aa-a0a7-ff7e83d78d39,,Yekatit Hospital ID - OPD,OPD (Yekatit Hospital ID),,Misc,Numeric,,,,,,,,,
8c5f8430-3110-4ea9-b8bd-33d7b69871b6,,Cleft Surgery Program,,,Misc,N/A,,,,,,,,,
772f18b0-00d6-48fd-913d-356cb8bfb155,,Cleft Surgery Patient Assessed for Surgery,Patient Assessed for Surgery,,Misc,N/A,,,,,,,,,
33b94285-c4ec-4f66-9aa3-8a1a0a605334,,Cleft Surgery Patient Confirmed for Surgery,Patient Confirmed for Surgery,,Misc,N/A,,,,,,,,,
6e67836c-cad8-4446-b6e4-573e9ca479e7,,Cleft Surgery Waiting for Hospital Bed,Waiting for Hospital Bed,,Misc,N/A,,,,,,,,,
94fd89ad-091d-4d66-9fce-620944ee8e1c,,Cleft Surgery Surgery Date Confirmed,Surgery Date Confirmed,,Misc,N/A,,,,,,,,,
a8362360-7dc5-4dfd-8e75-88496afa2886,,Cleft Surgery Patient Admitted,Patient Admitted,,Misc,N/A,,,,,,,,,
73219ab0-0ff6-4ef6-91b6-abced8cfc5bf,,Cleft Surgery Completed,Surgery Completed,,Misc,N/A,,,,,,,,,
dbd5c1f4-d41e-42af-b484-ae6db60692e2,,Cleft Surgery Followup Complete,Followup Complete,,Misc,N/A,,,,,,,,,
aab549cb-d772-419d-93c8-fcc2328a89a5,,Street address 1,,,Misc,Text,,,,,,,,,
69b1c3e8-7ee5-4e38-a9e2-149a5dbb4522,,Street address 2,,,Misc,Text,,,,,,,,,
8f8facf4-ba3a-428f-b7d2-ac79298ce241,,Home phone,,,Misc,Text,,,,,,,,,
2f8297d2-4ca8-43a9-9b0d-ba2dfb394729,,Email 1,,,Misc,Text,,,,,,,,,
a565278b-66d1-4499-bc11-2168223dba69,,Addis Ababa,,,Misc,N/A,,,,,,,,,
99fc14fc-b385-4ba0-a16b-a15f45433c00,,Harar,,,Misc,N/A,,,,,,,,,
138be3b3-b316-4151-9fab-73ff6532c036,,Gondar,,,Misc,N/A,,,,,,,,,
88d9da85-fe55-49e1-be55-8495b35f5f01,,Oromia (Regional State),Oromia,,Misc,N/A,,,,,,,,,
47ce007e-f5ee-46f1-b1e3-4e93fa1a88fd,,Amhara (Regional State),Amhara,,Misc,N/A,,,,,,,,,
4cd298fd-ab8e-411b-a8e7-205e6b0b345b,,Tigray (Regional State),Tigray,,Misc,N/A,,,,,,,,,
2012327d-48be-410c-9911-30f91a88bf68,,Anterior Palate - Repaired,,,Misc,N/A,,,,,,,,,
637ba2e6-333e-445e-859a-479454a8a161,,Anterior Palate - Not Repaired,,,Misc,N/A,,,,,,,,,
12beedde-d8e9-4fbb-b8a7-77a74a83baa7,,Dissection - Subperiosteal,,,Misc,N/A,,,,,,,,,
0bc6ca06-1694-421b-9da0-fa524f10f003,,Dissection - Supraperiosteal,,,Misc,N/A,,,,,,,,,
57ff3498-885a-4ff0-84c6-09205c09886a,,Nasal Repair - Close,,,Misc,N/A,,,,,,,,,
ee1b49dc-75a2-4159-8c6f-ba1a2554052f,,Nasal Repair - Open,,,Misc,N/A,,,,,,,,,
4ab09743-9f86-453e-a704-90df94de5823,,Buccal Flap - Used,,,Misc,N/A,,,,,,,,,
f64ccea7-b940-4d43-9694-63a88fe3e47a,,Buccal Flap - Not Used,,,Misc,N/A,,,,,,,,,
59d04b5b-6238-418b-8e11-6916eb6802c5,,Postalveolar Fistula - Present - Repaired,,,Misc,N/A,,,,,,,,,
8007bf1f-93fa-4ee5-af40-ef8e4f1a54d0,,Postalveolar Fistula - Present - Not Repaired,,,Misc,N/A,,,,,,,,,
59274ee7-fa9b-4421-8682-7e8315b31080,,Postalveolar Fistula - Absent,,,Misc,N/A,,,,,,,,,
01ba9878-3519-46a3-b8e4-95347fec10c3,,Open Tip,,,Misc,N/A,,,,,,,,,
67d71d7d-1637-41aa-acbd-3c1a4fff53a8,,Close Tip,,,Misc,N/A,,,,,,,,,
313ac48d-b3bf-4eb3-a46a-c24a68bdc850,,Abbe,,,Misc,N/A,,,,,,,,,
7d100f5d-7f15-4c94-a879-73887561c722,,Corrected - Scarring,,,Misc,N/A,,,,,,,,,
a41577cd-52c6-4dd9-99fa-51576eab1e9b,,Corrected - No Scarring,,,Misc,N/A,,,,,,,,,
fb434286-41c6-46c1-9ac4-0d76f91231d4,,Not Corrected,,,Misc,N/A,,,,,,,,,
1340549c-ed05-401f-9c93-815fdc70d01a,,Total,,,Misc,N/A,,,,,,,,,
3267678e-c8a0-40c2-a565-ae6db2bff9fd,,Rib,,,Misc,N/A,,,,,,,,,
59d74a4b-13e6-4b24-aabd-a221489ac195,,Nasal Septum,,,Misc,N/A,,,,,,,,,
c5a63f9f-673e-48ad-b445-c25f741f5d55,,Ear Cartilage,,,Misc,N/A,,,,,,,,,
253c4d9e-e7d3-4508-9463-7a0e1e53cfb7,,Silicon,,,Misc,N/A,,,,,,,,,
a09789da-e1d9-4ef8-a4d3-8fb64741b6d2,,Nasal Tip Graft,Nasal Tip Graft (Material),,Misc,Coded,,,,,,,a2065636-5326-40f5-aed6-0cc2cca81ccc;b497171e-0410-4d8d-bbd4-7e1a8f8b504e,,
6fb3d430-aca0-492d-823d-81f7428d5423,,Date of Admission,Date of Admission (YYYY-MM-DD),,Misc,Date,,,,,,,,,
f78b3b65-accb-4b23-aa4f-b82b6bd22901,,Intervention Number,,,Misc,Numeric,,,,,,,,,
db68bfa1-1981-403e-bc2c-bfaeef0d23a6,,Date of Surgery,Date of Surgery (YYYY-MM-DD),,Misc,Date,,,,,,,,,
91b34330-8e18-411b-9832-e5628b88b6f5,,Date of Discharge,,,Misc,Date,,,,,,,,,
604e19b8-1ad7-4f31-a883-7c0f2eb8eeaf,,Shiferaw,,,Misc,N/A,,,,,,,,,
99fde3b1-d8f1-48ea-b01d-d29c6bde7773,,Fikre,,,Misc,N/A,,,,,,,,,
66345cad-2b07-4f60-939f-6bf2b41e35cf,TRUE,Girma,,,Misc,N/A,,,,,,,,,
2e33b588-65de-4165-b8aa-7b772c9a3bfb,TRUE,Dr. Lena,,,Misc,N/A,,,,,,,,,
44faeb89-3dae-4635-bd5b-6270d2a543f6,,Anesthesia - General,General,,Misc,N/A,,,,,,,,,
3c9cfb37-1846-4b9c-a66b-93d9a7add1aa,,Anesthesia - Regional,Regional,,Misc,N/A,,,,,,,,,
889724cc-77e1-4213-a886-900aeaafa763,,Anesthesia - Sedation,Sedation,,Misc,N/A,,,,,,,,,
b02265c6-f235-42bb-a3b6-53312fedacd0,,Anesthesia - Local,Local,,Misc,N/A,,,,,,,,,
161e61e9-f8f2-4942-beeb-41afd131e84b,,Speech Therapist,,,Misc,N/A,,,,,,,,,
19fb9b1c-1e6f-4b37-9190-3c41865b4ef6,,Other craniofacial deformities 2,Other Craniofacial Deformities,,Misc,Text,,,,,,,,,
a33a564c-7489-4358-b3e4-92271bf20a5a,,Medication Allergies 2,Medication Allergies,,Misc,Text,,,,,,,,,
b9360757-003b-4d69-8a16-9e64137358d8,,Other Allergies 2,Other Allergies,,Misc,Text,,,,,,,,,
95d813a3-8c3d-4b84-ac6a-e33737b99a16,,Other Health Issues 2,Other Health Issues,,Misc,Text,,,,,,,,,
4b50b004-9767-4f19-859f-aadc5b50cfe1,,First Name,,,Misc,Text,,,,,,,,,
9f769af2-939b-4486-a396-af8e27641a8a,,Second Name,,,Misc,Text,,,,,,,,,
f82a89da-94b3-4d56-958f-d33d57eee6ee,,Third Name,,,Misc,Text,,,,,,,,,
0f1738bc-b90d-4cc1-92be-cef701c3eece,,Mobile Phone,,,Misc,Text,,,,,,,,,
58e67352-fc04-49ac-87b5-f2a7fbe17e8c,,Ethiopia,,,Misc,N/A,,,,,,,,,
f0d6fe04-95e7-45f5-8a1c-32f4c5fb95ee,,Kenya,,,Misc,N/A,,,,,,,,,
08108385-c598-411c-a616-dd8a2906c34f,,Somalia (Country),Somalia,,Misc,N/A,,,,,,,,,
98e4d47a-3603-41de-a1be-7ad3705c615a,,English,,,Misc,N/A,,,,,,,,,
7028ef3f-9dd5-441e-a918-84c39121f4c2,,Amharic (Language),Amharic,,Misc,N/A,,,,,,,,,
72c046ed-938d-4257-adbc-a21b116b185a,,Arabic,,,Misc,N/A,,,,,,,,,
c22b1627-7d92-4994-850a-34f4b0a22fb3,,Transforming Faces,,,Misc,N/A,,,,,,,,,
db17c0db-7c74-4a5e-a4c7-1a40757fcf9c,,Smile,,,Misc,N/A,,,,,,,,,
e5a9914d-b4ca-4293-9bf6-8a4247c31a52,,Free,,,Misc,N/A,,,,,,,,,
a7c6db15-8201-4300-aaee-747e8cc80f27,,Referred From,,,Misc,Text,,,,,,,,,
6ffbb1f7-16fa-4a84-b560-198f88855a21,,Consanguious Marriage Degree,,,Misc,Coded,,,,,,,a2065636-5326-40f5-aed6-0cc2cca81ccc;b497171e-0410-4d8d-bbd4-7e1a8f8b504e,,
85741c46-0e6c-4b01-a8ec-4d33801f33e5,,Length of Pregnancy,,,Misc,Numeric,,,,,,,,,
35d656ce-7e28-44c3-b6ef-030f86084942,,Were there complications during pregnancy?,,,Misc,Coded,,,,,,,a2065636-5326-40f5-aed6-0cc2cca81ccc;b497171e-0410-4d8d-bbd4-7e1a8f8b504e;3b75cc72-924b-4d36-8891-95484287495e,,
a5fb2f37-3554-4d60-bc19-cc2b2e6acb2a,,Did Mother smoke during Pregnancy?,,,Misc,Coded,,,,,,,a2065636-5326-40f5-aed6-0cc2cca81ccc;b497171e-0410-4d8d-bbd4-7e1a8f8b504e;3b75cc72-924b-4d36-8891-95484287495e,,
171d7ab6-6efc-4be4-af55-4b76a72a47ea,,Where there complications during birth?,,,Misc,Coded,,,,,,,a2065636-5326-40f5-aed6-0cc2cca81ccc;b497171e-0410-4d8d-bbd4-7e1a8f8b504e;3b75cc72-924b-4d36-8891-95484287495e,,
14cf266f-ba9d-4fc3-bc4a-346fd7ec5460,,Did mother drink alcohol during pregnancy?,,,Misc,Coded,,,,,,,3b75cc72-924b-4d36-8891-95484287495e;a2065636-5326-40f5-aed6-0cc2cca81ccc;b497171e-0410-4d8d-bbd4-7e1a8f8b504e,,
f114b40f-51ed-4c75-bac9-4463aa65ad92,,Abortion - number of,,,Misc,Numeric,,,,,,,,,
73ca0079-79a5-4655-96d4-9eb736d8549a,,Did mother have prior abortion?,,,Misc,Coded,,,,,,,a2065636-5326-40f5-aed6-0cc2cca81ccc;b497171e-0410-4d8d-bbd4-7e1a8f8b504e;3b75cc72-924b-4d36-8891-95484287495e,,
4ed597a6-6cfd-41d7-841e-4f9750365eed,,Reason for abortion,,,Misc,Text,,,,,,,,,
72494582-1d8c-457b-ab8c-dc78a92ba5be,,Delivery Instrumental,Delivery Instrumental,,Misc,N/A,,,,,,,,,
b1f7ebab-0ac8-4427-8068-324b276e2e93,,Prolonged labour,Prolonged labour,,Misc,Coded,,,,,,,a2065636-5326-40f5-aed6-0cc2cca81ccc;b497171e-0410-4d8d-bbd4-7e1a8f8b504e,,
1292de2b-efee-4965-bae2-7ee719d08ee0,,Collapsed,,,Misc,N/A,,,,,,,,,
ff99be1c-c46c-461a-97bd-35f6e0ec2cc4,,Non-Collapsed,,,Misc,N/A,,,,,,,,,
ca289064-d140-43ef-ac90-55f1d6096f08,,Wide,,,Misc,N/A,,,,,,,,,
28262180-723f-4b19-a30c-2988ea9fa38b,,Syndrome,,,Misc,Text,,,,,,,,,
6c1acca8-9150-4360-a9f6-28c4fad45e38,,Satisfactory,,,Misc,N/A,,,,,,,,,
5f6a4b67-95e2-46df-99e6-385a5721a776,,Unsatisfactory,,,Misc,N/A,,,,,,,,,
51331f4b-a076-4785-bcd8-a6113b566a0c,,CL,,,Diagnosis,N/A,,,,,,,,,
6df39593-f9bc-4827-945c-3e2e6c4f45a6,,CP,,,Misc,N/A,,,,,,,,,
2b5a6c8f-680a-4d61-8504-298a789eb2e3,,CLP,CLP,,Misc,N/A,,,,,,,,,
e3dc8b95-2822-4b2f-b10e-88c501a718de,,Cleft Treatment Plan,Treatment Plan,,Misc,Text,,,,,,,,,
da060c33-0cb8-4d47-b2e3-bdc4b9613ee5,,Nutrition Service,,,Misc,N/A,,,,,,,,,
8decc86f-39e0-46aa-a3b0-2a464cab994a,,Social Work Service,,,Misc,N/A,,,,,,,,,
8bae63c9-0afb-4b0b-9fc5-c2fa89ee1469,,Speech and Language Service,Speech Therapy Service,,Misc,N/A,,,,,,,,,
402cb5c2-3fe1-4ed0-821c-285b20b37e10,,Dental Service,Dental,,Misc,N/A,,,,,,,,,
eefd44dd-9ee4-4eac-ab59-2ac6ada7f530,,Orthodontics Service,Orthodontics,,Misc,N/A,,,,,,,,,
7a6c377f-7ba0-41cc-a25d-180f710c1820,,ENT Service,ENT,,Misc,N/A,,,,,,,,,
be4a7cec-524d-43a6-9152-864212822407,,Surgery Service,Surgery,,Misc,N/A,,,,,,,,,
21fefc2b-fad3-4c5a-b98b-d58a9ae792b9,,Other Service,Other (Specify),,Misc,Text,,,,,,,,,
dc3fba4d-5122-4dd4-8e27-902f70313ef1,,Yes.,,,Misc,N/A,,,,,,,,,
24cde46c-ddd5-44a7-8f20-efc3469f7132,,No.,,,Misc,N/A,,,,,,,,,
e6e363cc-001e-4a93-b99e-1dbd82492e96,,Translator Required,Is Translator Required?,,Misc,Coded,,,,,,,a2065636-5326-40f5-aed6-0cc2cca81ccc;b497171e-0410-4d8d-bbd4-7e1a8f8b504e,,
8168c1e2-3960-487b-b03f-3c3d2d32d443,,Distance from Clinic,Distance from home in km,,Misc,Numeric,,,,,,,,,
ff1b27e3-1271-4847-a555-255ce75aaad5,,Afar (Ethnicity),Afar,,Misc,N/A,,,,,,,,,
dba18e94-4b7f-4cce-9375-24a1ed835f60,,Amhara (Ethnicity),Amhara,,Misc,N/A,,,,,,,,,
724b992e-fdbc-4cb1-ba20-f479ee6d66f7,,Oromo (Ethnicity),Oromo,,Misc,N/A,,,,,,,,,
1df6bece-af55-433d-8d5b-f10abc9e37cc,,Tigrayan (Ethnicity),Tigrayan,,Misc,N/A,,,,,,,,,
6f5afe21-9f4a-4246-809a-986f19b54c9d,,Asian (Ethnicity),Asian,,Misc,N/A,,,,,,,,,
5f9d4ce5-dee7-4881-97e7-9937deef5a8d,,Caucasian (Ethnicity),Caucasian,,Misc,N/A,,,,,,,,,
2a24beac-65a5-470c-a583-758ef9c06ddf,,African (Ethnicity),African,,Misc,N/A,,,,,,,,,
5831d9ca-9026-4b45-a447-f9b8fa5e9fea,,USD,,,Misc,N/A,,,,,,,,,
cba17af7-c0b5-4c49-b037-bf3875e6efed,,Birr,,,Misc,N/A,,,,,,,,,
fd06deb7-898a-4c11-8919-40a842d605b3,,Friends or Relatives,,,Misc,N/A,,,,,,,,,
e2176f9c-417a-4c01-90ad-d2326fa66eb7,,Rotary,,,Misc,N/A,,,,,,,,,
0ead807c-3429-433e-b01e-4c15312f94a9,,Internet,,,Misc,N/A,,,,,,,,,
40794f5e-169a-444f-a01e-e999e8d685a0,,Hospital or Physician,,,Misc,N/A,,,,,,,,,
597ab40d-794f-4e3e-868a-36a5e52e23c1,,Project Harar,,,Misc,N/A,,,,,,,,,
7f382ddb-4e5d-47be-8af9-6041a42f136d,,Newspaper or TV,,,Misc,N/A,,,,,,,,,
9c81a11a-bfe8-43fd-b5ce-b620f537b6d7,,Charity Organization,,,Misc,N/A,,,,,,,,,
12319222-59bd-47c4-8d1f-3981c5c7910d,,Partner or Organization,Name of Partner or Organization,,Misc,Text,,,,,,,,,
ee589fe7-90a0-4f79-b028-2ceef74dec7c,,Hospital,Name of Hospital,,Misc,Text,,,,,,,,,
15c72ca0-ff21-444b-9a2c-3e96f23eef62,,Country of original referral to cleft clinic,,,Misc,Text,,,,,,,,,
e4bed080-6a37-4b8a-8bae-99c9b7126793,,Not Signed,,,Misc,N/A,,,,,,,,,
8c41ea25-a3d0-410f-b987-e879f597d2ac,,English Spoken,,,Misc,Coded,,,,,,,a2065636-5326-40f5-aed6-0cc2cca81ccc;b497171e-0410-4d8d-bbd4-7e1a8f8b504e,,
1de0aed5-f753-4e5f-8a5b-adf3e571e434,,Will join in activities with peers,,,Misc,N/A,,,,,,,,,
ac6d96f1-e8b9-4697-bc2d-46cc7b8a602d,,Can be understood by teachers,,,Misc,N/A,,,,,,,,,
c2b22b58-c51d-4c2e-b17a-b0fb9a659b3b,,Can be understood by family and friends,,,Misc,N/A,,,,,,,,,
baf77e5d-fcbd-4674-8918-ecaf90e09f43,,Can be understood by unfamiliar listeners,,,Misc,N/A,,,,,,,,,
0082b53e-eea4-49ba-9872-5f0195cc94b1,,Able to attend school,,,Misc,N/A,,,,,,,,,
bbd2f328-b84d-4549-93b9-55cbaf8ed0d0,,Is able to graduate from school,,,Misc,N/A,,,,,,,,,
5ec5eb0f-1638-41fd-8033-8a005cca94d1,,Is able to make friends,,,Misc,N/A,,,,,,,,,
310e0a79-50dd-4c45-ada2-175a2ff2b38a,,Is able to find and keep a job,,,Misc,N/A,,,,,,,,,
c0f6e2e5-080b-45fc-90d7-771c1b9519f5,,Is able to breast-feed or bottle-feed,,,Misc,N/A,,,,,,,,,
05c9eadc-123f-4b97-9911-0d9ced552fee,,Is able to chew food and swallow,,,Misc,N/A,,,,,,,,,
653196f2-0f83-4feb-9600-bebc9459682f,,Will join in conversation with peers,,,Misc,N/A,,,,,,,,,
2470ce0a-64f5-4533-b973-e49223bf8d4e,,Goals met,Goal met?,,Misc,Boolean,,,,,,,,,
656c9671-bb29-4afb-b335-ed555d022723,,In Progress,,,Misc,N/A,,,,,,,,,
22e3fd57-3b7e-49e4-b3b9-ec26e89c6ae6,,Is in Treatment,,,Misc,Date,,,,,,,,,
88cde1fe-cc32-467b-919a-687f559ad5eb,,Is Paused,,,Misc,Date,,,,,,,,,
854b7a7f-3ff9-4b86-a5bf-6f9a0a6c6c23,,Is Closed - Discharge,,,Misc,Date,,,,,,,,,
5b36b353-09b4-4505-a95a-8ae0ebf4ba5a,,Is Closed - Lost Contact,,,Misc,Date,,,,,,,,,
96ffbd14-f548-4c79-8493-b2757de0e2b6,,Is Reopened,,,Misc,Date,,,,,,,,,
ddae34ea-6a9b-48bc-a93a-b33cd62ba103,,Is Pending 1-year Followup,,,Misc,Date,,,,,,,,,
3fbbf3fc-8c9c-48ba-83aa-34c5d1f45cf3,,Is Pending 2-year Followup,,,Misc,Date,,,,,,,,,
1cfba119-d2d7-4dab-b309-f0c5d27e28a5,,Is Pending 3-year Followup,,,Misc,Date,,,,,,,,,
93f19d9e-167a-449d-87f4-91f3071c7c22,,Refer to Nutrition and Feeding Service,,,Misc,Boolean,,,,,,,,,
95a446d2-e5f3-4ffc-8d85-1a52605041de,,Refer to Social Work Service,,,Misc,Boolean,,,,,,,,,
8b13fd07-44d0-406b-ac03-dd8959256dff,,Refer to Speech Therapy Service 2yrs and up,,,Misc,Boolean,,,,,,,,,
741826db-c070-4531-a3c4-fcdc35996a34,,Refer to ENT Service,,,Misc,Boolean,,,,,,,,,
ca04f828-aef6-4206-bcde-d7822c9d62de,,Refer to Dental and Orthodontics Service,,,Misc,Boolean,,,,,,,,,
552c0c74-d9d0-497b-9932-b73305be3a0f,,Refer to Surgery Service,,,Misc,Boolean,,,,,,,,,
ae64cde1-a4c3-4747-b688-695d3ce087ef,,Refer to Other Service,Refer to Other Service (Specify in Comments),,Misc,Boolean,,,,,,,,,
58492f84-72b5-4064-a5ca-1ebf835ba154,,Refer to Monthly Clinic Team Meeting,,,Misc,Boolean,,,,,,,,,
4c6d7d54-80ef-4aa2-afe8-e5561b6fdb40,,Nutrition - recommended number of sessions,,,Misc,Numeric,,,,,,,,,
e46fc6b4-746b-41e0-bc66-7e7a51b3b8d4,,Feeding - recommended number of sessions,,,Misc,Numeric,,,,,,,,,
a9d64caf-572a-4770-9df8-4123ece39205,,Social Work - Patient - recommended number of sessions,,,Misc,Numeric,,,,,,,,,
e64c25f0-4c4f-4f1c-8d8a-3b4f369ca51c,,Social Work - Other Client - recommended number of sessions,,,Misc,Numeric,,,,,,,,,
92d6fac4-b2fc-44c9-99ff-5ad7a3b047fe,,Speech Therapy 0 to 2yrs - recommended number of sessions,,,Misc,Numeric,,,,,,,,,
3d817215-f3b6-4710-9418-aecbb06c676d,,Speech Therapy 2yrs and up - recommended number of sessions,,,Misc,Numeric,,,,,,,,,
5dabae8b-3a03-4141-aceb-5ec8c75fa5a2,,ENT Treatment,,,Misc,Text,,,,,,,,,
04ed9dff-45cc-46a4-87e7-ba62b095a6e1,,Dental treatment,,,Misc,Text,,,,,,,,,
0464b1c3-a9b7-4f89-a697-84cc9794849a,,Orthodontics treatment,,,Misc,Text,,,,,,,,,
54ac2840-4a51-45e6-b11b-524c52171294,,Surgery treatment,,,Misc,Text,,,,,,,,,
dac47ccb-44b7-44c1-b8e1-0ee94765c291,,Nutrition Followup Recommended,,,Misc,Boolean,,,,,,,,,
042b035a-ac8f-4faf-b9fa-a6758a60f619,,Nutrition followup date,,,Misc,Date,,,,,,,,,
1ccbb9b9-3b33-4730-bd38-f07b5ab456c6,,Cleft - Lip - Left - Complete,,,Diagnosis,N/A,,,,,,,,,
1a07d04f-bb58-4698-8350-197ad7453580,,Cleft - Lip - Left - Incomplete,,,Diagnosis,N/A,,,,,,,,,
b98d4929-f7cb-4934-8c80-51fb9c084ae9,,Cleft - Lip - Left - Submucous,,,Diagnosis,N/A,,,,,,,,,
b3741ce7-e057-44c6-a6b0-fcf47bf8cb86,,Cleft - Lip - Right - Complete,,,Diagnosis,N/A,,,,,,,,,
1ff98605-ab8c-4eac-a771-7d5f8a17a9f9,,Cleft - Lip - Right - Incomplete,,,Diagnosis,N/A,,,,,,,,,
7a953bb3-6a9d-4e8f-bd47-46ae3cb17366,,Cleft - Lip - Right - Submucous,,,Diagnosis,N/A,,,,,,,,,
c89f7eb9-c0f5-48b2-a681-fa7dd3fcd5ca,,Cleft - Alvelous - Left - Complete,,,Diagnosis,N/A,,,,,,,,,
194088b4-bb2e-462c-9da8-fb55859108a5,,Cleft - Alvelous - Left - Incomplete,,,Diagnosis,N/A,,,,,,,,,
eeeae4f7-6421-40a4-9606-f55572179d2e,,Cleft - Alvelous - Right - Complete,,,Diagnosis,N/A,,,,,,,,,
c0b7fce7-2187-41ae-8798-f52f4a96ee2f,,Cleft - Alvelous - Right - Incomplete,,,Diagnosis,N/A,,,,,,,,,
ba9fb117-ba21-4d7a-851e-96e14ee49f60,,Cleft - Hard Palate - Left - Complete,,,Diagnosis,N/A,,,,,,,,,
8face569-1879-41b1-bfb2-382ddb959221,,Cleft - Hard Palate - Left - Incomplete,,,Diagnosis,N/A,,,,,,,,,
f883c1b7-986a-47b4-80d5-96e495703273,,Cleft - Hard Palate - Left - Submucous,,,Diagnosis,N/A,,,,,,,,,
e56099c1-5be6-417f-9ed6-6fa20864fb6c,,Cleft - Hard Palate - Right - Complete,,,Diagnosis,N/A,,,,,,,,,
12d52133-2bc1-45ba-b578-c064758dc07d,,Cleft - Hard Palate - Right - Incomplete,,,Diagnosis,N/A,,,,,,,,,
93e68afd-61a8-404c-903e-87683e298adf,,Cleft - Hard Palate - Right - Submucous,,,Diagnosis,N/A,,,,,,,,,
cded2a30-9d11-4a45-9576-6b95f163fbdc,,Cleft - Soft Palate - Left - Complete,,,Diagnosis,N/A,,,,,,,,,
baa9baf1-ae22-4fc7-839c-55c2412d47be,,Cleft - Soft Palate - Left - Incomplete,,,Diagnosis,N/A,,,,,,,,,
c2b9ac7b-6e56-48f7-8cf4-51199b073d5a,,Cleft - Soft Palate - Left - Submucous,,,Diagnosis,N/A,,,,,,,,,
afc80224-b4a7-43a3-8689-cee9ba53018c,,Cleft - Soft Palate - Right - Complete,,,Diagnosis,N/A,,,,,,,,,
03d8a9d2-466c-464c-b64e-fc7fc68ea72a,,Cleft - Soft Palate - Right - Incomplete,,,Diagnosis,N/A,,,,,,,,,
cafd32d2-4908-4b3e-a463-35f02aa02a29,,Cleft - Soft Palate - Right - Submucous,,,Diagnosis,N/A,,,,,,,,,
583925d1-28f9-4778-a11f-e8afbb440a82,,Patient Goals Comment,,,Misc,Text,,,,,,,,,
a479e26c-6ab6-49f9-b316-4829d1ed1f78,,Patient Case Status Comment,,,Misc,Text,,,,,,,,,
bd13a2d5-c7d9-4147-87ae-e7a4ae0b42f7,,Treatment Plan Referrals Comment,,,Misc,Text,,,,,,,,,
a3d56ae4-f8b6-49af-8263-ee181ed2f803,,Nutrition Treatment Status Comment,,,Misc,Text,,,,,,,,,
08a1c716-2821-4a58-8e9c-e7a489881f01,,Feeding followup date,,,Misc,Date,,,,,,,,,
0091b067-c06f-41cd-8297-dfdad22bcd6f,,Feeding treatment plan comment,Comment,,Misc,Text,,,,,,,,,
a0836722-1630-470c-8104-11a1a8cf0218,,Feeding Followup Recommended,,,Misc,Boolean,,,,,,,,,
e1f437a0-c2f0-42f9-89f5-5ec4bbb024a8,,Social Work - Patient - Followup Recommended,,,Misc,Boolean,,,,,,,,,
3896ea55-c8c4-4b63-952c-309879538c5c,,Social Work - Other Client - Followup Recommended,,,Misc,Boolean,,,,,,,,,
06e2a2b2-1aec-4e38-baa3-515cead64846,,Speech Therapy - 0 to 2yrs - Followup Recommended,,,Misc,Boolean,,,,,,,,,
9abf37ba-b4aa-491b-a2ee-0bfe55c73960,,Speech Therapy - 2yrs and up - Followup Recommended,,,Misc,Boolean,,,,,,,,,
77bad6d2-416c-4be6-99cd-bd3d59a5dc3f,,ENT Followup Recommended,,,Misc,Boolean,,,,,,,,,
c9b1bef7-2598-4a35-b7d4-fa3dac4790b5,,Dental Followup Recommended,,,Misc,Boolean,,,,,,,,,
0fa2a96f-7ae9-4a60-bc9e-fc4b1778bba6,,Orthodontics Followup Recommended,,,Misc,Boolean,,,,,,,,,
0d6d6d21-a7bd-4be4-aba1-5887572d25ee,,Surgery Followup Recommended,,,Misc,Boolean,,,,,,,,,
d9274917-7ecd-4c13-9114-37a7543acdd7,,Social Work followup date - Patient,,,Misc,Date,,,,,,,,,
e9b24cfa-6398-4b22-a5fc-5cddabca7a52,,Social Work followup date - Other Client,,,Misc,Date,,,,,,,,,
b2bd7635-17d5-425c-a7a9-6fe5a77727d7,,Speech Therapy followup date - 0 to 2yrs,,,Misc,Date,,,,,,,,,
5c55f11f-e797-47bd-b978-ddb93b5cbc2e,,Speech Therapy followup date - 2yrs and up,,,Misc,Date,,,,,,,,,
16805b36-1152-433d-ab37-7c8c3b6ebcfc,,ENT Followup date,,,Misc,Date,,,,,,,,,
88be71c3-ea6b-4288-bd90-068a0e772bab,,Dental followup date,,,Misc,Date,,,,,,,,,
2f715349-88b0-4b0a-9eea-ae053d9f09a4,,Orthodontics followup date,,,Misc,Date,,,,,,,,,
c405bbe5-13ab-4f96-a58c-cc0f2301bdcf,,Surgery followup date,,,Misc,Date,,,,,,,,,
d49bce5e-d325-434e-ac5f-40ca4096cd2c,,Social Work Treatment Status Comment - Patient,,,Misc,Text,,,,,,,,,
c3278933-51e5-4d37-ae34-2eca3e3ce134,,Social Work Treatment Plan - Other Client - Comment,,,Misc,Text,,,,,,,,,
469a461d-9f09-4a54-b46b-c88043d81911,,Speech Treatment Status Comment - under 2yrs,,,Misc,Text,,,,,,,,,
830a5753-86aa-471c-ab40-514b6c8a2009,,Speech Treatment Status Comment - over 2yrs,,,Misc,Text,,,,,,,,,
ea73868b-49fd-4547-97e6-007c9f7e41b5,,ENT Assessment Comment,,,Misc,Text,,,,,,,,,
534f1d38-c10a-4801-baf6-b2053edadc87,,Dental Treatment Status Comment,,,Misc,Text,,,,,,,,,
4b455dfb-21b3-4f1c-999b-279ed8d7e9ae,,Orthodontics Treatment Plan Comment,Comment,,Misc,Text,,,,,,,,,
3637b1ec-f34a-4325-8fd6-994b00796cd7,,Surgery Intervention Comment,Comment,,Misc,Text,,,,,,,,,
dda9dab3-fbb8-46e6-b65c-802bbf416c3c,,Visit Comment,Comment,,Misc,Text,,,,,,,,,
3454975e-9398-40d5-b11d-97127a8c26e8,,Registration,,,Misc,N/A,,,,,,,,,
cc507cbb-9124-4a3c-8240-9a1e2d575910,,Cleft Clinic Team Meeting,,,Misc,N/A,,,,,,,,,
44d13fd3-7d8d-4b65-9560-5a80eaf5e1c4,,Number of previous abortions,,,Misc,Numeric,,,,,,,,,
3e61c291-317b-40e4-8294-73910a4eff97,,Mothers marriage is of consanguineous degree?,,,Misc,Coded,,,,,,,a2065636-5326-40f5-aed6-0cc2cca81ccc;b497171e-0410-4d8d-bbd4-7e1a8f8b504e;3b75cc72-924b-4d36-8891-95484287495e,,
11bb72a1-082b-4d27-b780-470443985420,,Pregnancy and Birth History Comment,,,Misc,Text,,,,,,,,,
dc2a8750-cef5-4306-b720-d8619ca57671,,Cleft Family History - Mother,,,Misc,Boolean,,,,,,,,,
5c9b7106-0c19-47b4-be7c-cce88c1e3ad0,,Cleft Family History - Father,,,Misc,Boolean,,,,,,,,,
7ff99e47-f30b-43a4-933e-c5fe9dc28016,,Cleft Family History - Sister,,,Misc,Boolean,,,,,,,,,
83feec20-b02a-4d54-9088-7723454b2a32,,Cleft Family History - Brother,,,Misc,Boolean,,,,,,,,,
87ef7043-3e56-43a4-822e-094b44bb4a9a,,Cleft Family History - Maternal Grandfather,,,Misc,Boolean,,,,,,,,,
9975db43-eb4b-407f-a56a-d7d663db6334,,Cleft Family History - Maternal Grandmother,,,Misc,Boolean,,,,,,,,,
2a0706df-8354-4a29-b617-6da4250ff56f,,Cleft Family History - Maternal Uncle,,,Misc,Boolean,,,,,,,,,
f0bc6ed0-74ab-4bb7-bd3f-10430047eeba,,Cleft Family History - Maternal Aunt,,,Misc,Boolean,,,,,,,,,
31186005-003d-4166-810f-2ea0fe27c234,,Cleft Family History - Paternal Grandfather,,,Misc,Boolean,,,,,,,,,
5cf2a288-e1ad-4199-aa7d-abf7630c06a7,,Cleft Family History - Paternal Grandmother,,,Misc,Boolean,,,,,,,,,
b6ac1aa2-0fd5-4abf-88a1-cd7baa4b5940,,Cleft Family History - Paternal Aunt,,,Misc,Boolean,,,,,,,,,
836d2fa4-d3a5-4977-a3ab-e7a7f220ad3e,,Cleft Family History - Paternal Uncle,,,Misc,Boolean,,,,,,,,,
33747b3b-cd8f-4ad2-a7bc-490b6fa55b6f,,Cleft Family History - Cousin on Father's Side,,,Misc,Boolean,,,,,,,,,
e065ba27-f622-4878-9b0b-520e85822030,,Cleft Family History - Cousin on Mother's Side,,,Misc,Boolean,,,,,,,,,
e07301ff-c621-40f9-9f0b-99a4207a5771,,Cleft Family History - Comment,,,Misc,Text,,,,,,,,,
32dfb55a-c697-4a81-97ba-2d7b4bcae6fb,,Friend,,,Misc,N/A,,,,,,,,,
03c86037-5157-4b3c-a2ad-ec011687fcf5,,Teacher,,,Misc,N/A,,,,,,,,,
d027e639-f1a0-4df0-aafc-de4139f83cb8,,Aunt,,,Misc,N/A,,,,,,,,,
867de9a2-0306-4ada-8404-e948bf99b160,,Uncle,,,Misc,N/A,,,,,,,,,
86669747-fedc-4fa8-bd84-15fdd2c45a70,,Brother,,,Misc,N/A,,,,,,,,,
4642ae07-8b7c-424d-ae71-c6f92f55a6e8,,Sister,,,Misc,N/A,,,,,,,,,
d0ce6a82-d55d-4424-a7af-8a6a0a2bbd85,,Grandfather,,,Misc,N/A,,,,,,,,,
8d723182-e1f4-485c-824e-00d072bcfc90,,Grandmother,,,Misc,N/A,,,,,,,,,
5d6f97f6-3d0e-41fe-b989-4b8b0e2b137d,,Reason for Referral to Team Meeting,,,Misc,Text,,,,,,,,,
0b0f5373-a3b8-47f0-9181-9636362cdc86,,Speech Therapy 2yrs and up Scheduled,,,Misc,Date,,,,,,,,,
e909e030-54f3-48af-ab95-cc8941909a3a,,Speech Therapy 2yrs and up In Progress,,,Misc,Date,,,,,,,,,
96f2bea4-14e6-4873-b824-37b6709384a5,,Speech Therapy 2yrs and up Suspended,,,Misc,Boolean,,,,,,,,,
ec7e1a6d-caa1-4371-9c9c-8b7b94411223,,Speech Therapy 2yrs and up Complete,,,Misc,Boolean,,,,,,,,,
deff4aa5-45aa-47d1-8da0-77d7f621e278,,Speech Therapy 2yrs and up Cancelled,,,Misc,Boolean,,,,,,,,,
8c1f8c02-97d8-4bc2-a4c7-828bbc37f52b,,Speech Therapy 2yrs and up In Follow-up,,,Misc,Date,,,,,,,,,
4fec7fc1-9ede-481d-8db5-2d2098a143a9,,Update Previous Observation,,,Misc,N/A,,,,,,,,,
44e45972-19cd-4dd7-aa22-1b5e8e7042fe,,Breast milk - pumping,,,Misc,N/A,,,,,,,,,
6796fce6-3ee1-40df-a168-e5a7d67908d9,,Breast milk - direct,,,Misc,N/A,,,,,,,,,
2d5aecde-1be1-4864-9b9b-cf740afe0bcd,,Formula milk with bottle and cup,,,Misc,N/A,,,,,,,,,
859d9ac8-65d5-494a-b01d-2ea5aa359c4a,,Cow milk with bottle and other,,,Misc,N/A,,,,,,,,,
735e7074-ba4b-4886-8291-38958b693ae6,,Type of feeding - other,,,Misc,N/A,,,,,,,,,
307afb42-8f67-46ae-87ba-ad4aafdf1468,,Underweight,,,Misc,N/A,,,,,,,,,
a34bba45-0aba-4b8d-b25e-2ff43a44caef,,Lack of special bottle,,,Misc,N/A,,,,,,,,,
fa7aaa67-dbe0-4faa-800d-d66340f63d15,,Poor feeding technique,,,Misc,N/A,,,,,,,,,
a6ad1317-b956-4d3e-8e36-e327a780c92e,,Low economic status,,,Misc,N/A,,,,,,,,,
16567634-5b3d-44d8-a306-012713dcf5ca,,Counsellor no concern,,,Misc,N/A,,,,,,,,,
67486131-c71b-43bd-b52e-1b7468d43a6d,,Counsellor concern - other,,,Misc,N/A,,,,,,,,,
675a308f-63e7-4be6-bd03-e6f072e986d3,,Need instruction on feeding technique,,,Misc,N/A,,,,,,,,,
008570c7-12d9-4d89-a566-a5e43e7f13d7,,Aspiration,,,Misc,N/A,,,,,,,,,
8bfbd829-eb8e-43e4-8eeb-f08bce9b05f7,,Guardian concern - other,,,Misc,N/A,,,,,,,,,
8e77d3d2-6ae9-4614-aaa7-bec380266e5b,,"Breast feeding, pumping and positioning",,,Misc,N/A,,,,,,,,,
09a3a463-2395-43f2-97d0-878dbd2cecf9,,Bottle feeding and positioning,,,Misc,N/A,,,,,,,,,
f5eff5b7-209b-499d-b062-74e4bb8eb633,,Special teats,,,Misc,N/A,,,,,,,,,
4fb83759-019f-4097-a437-4111869edbfe,,Weaning - 6 to 9 months,,,Misc,N/A,,,,,,,,,
017018d6-941d-41bc-96e8-27474b880489,,Recommended counselling - comment,,,Misc,N/A,,,,,,,,,
a7a965cf-bec8-452d-a5ce-bfc156f6afff,,Nutrition Assessment Comment,Comment,,Misc,Text,,,,,,,,,
883da4a1-de0a-4b9d-8094-b7896c362477,,Nutrition Counselling Comment,,,Misc,Text,,,,,,,,,
4457e030-992c-4c21-94a9-83775b690f26,,Nutrition recommendation for next treatment,,,Misc,Text,,,,,,,,,
da329e74-4349-4c5d-932f-0c3c73fdc085,,SW Client Age,Age,,Misc,Numeric,,,,,,,,,
20f03a20-88eb-49f9-96b5-66b1258bd356,,SW Client Health Status,Health Status,,Misc,Text,,,,,,,,,
3a101c23-aba9-47a6-b48b-12e4d5670830,TRUE,SW Client Relationship Mother,Mother,,Misc,Coded,,,,,,,,,
501ee534-313e-47f8-9a21-e5473d66490b,TRUE,SW Client Relationship Father,Father,,Misc,Coded,,,,,,,,,
754984f9-5ca1-4a0c-b2bf-9420be1d437b,,Parents,,,Misc,N/A,,,,,,,,,
0a0a09ea-0805-40c2-bbde-1f89f8ba0693,TRUE,SW Client Relationship Guardian,Guardian,,Misc,Coded,,,,,,,,,
cfe0149a-470d-4763-9bd6-a8e12c2b8994,TRUE,SW Client Relationship Friend,Friend,,Misc,Coded,,,,,,,,,
de0a4611-65b1-4b84-9d6b-c1325bc0c152,TRUE,SW Client Relationship Teacher,Teacher,,Misc,Coded,,,,,,,,,
ac153ad7-9e5a-45fd-99fe-c348bde3dd15,,Is Patient,,,Misc,N/A,,,,,,,,,
8269a3a7-4ce7-4069-9260-bb69ca5cf399,TRUE,SW Client Relationship Other,Other,,Misc,Coded,,,,,,,,,
8dd4e66b-a88b-4f41-9968-d892e910a26c,,SW Client Referred by,Referred by,,Misc,Text,,,,,,,,,
eaf3f144-c023-45e7-a8ec-2567508fcba0,,SW Client Education,Education,,Misc,Text,,,,,,,,,
7c3a07b3-2b0a-4777-881b-8b2fd34e5ead,,SW Client Economic Status,Economic Status,,Misc,Text,,,,,,,,,
2ab461e6-7839-4132-ab04-f9a0177cdec0,,SW Client Family History,Family History,,Misc,Text,,,,,,,,,
4414a872-c56c-4936-bb2b-b0d903eb4db2,,Teasing,,,Misc,Coded,,,,,,,,,
09ead36b-e77b-42c7-8bff-09ec1f66ee6c,,Poor Communication,,,Misc,Coded,,,,,,,,,
f12ff453-511a-4f9e-97a3-50a9e518ed6d,,Isolation and Rejection,,,Misc,Coded,,,,,,,,,
83640642-9044-41d6-8f49-41de1233f301,,Low Self Esteem,,,Misc,Coded,,,,,,,,,
54975b91-1df1-4cdc-b2d8-fbb278ba503a,,Lack of Confidence,,,Misc,Coded,,,,,,,,,
8868d60e-6506-4f2a-bdc0-726b4fd716ae,,Fear of Surgery,,,Misc,Coded,,,,,,,,,
e44c42e2-82e0-4c52-b5e7-d45b86d8de93,,Disappointment re lip scar and speech,,,Misc,Coded,,,,,,,,,
a8dedc1a-18ea-404d-a105-9bbf51d13dff,,Disappointment re learning,,,Misc,Coded,,,,,,,,,
858704f0-446f-450d-90bd-96d8e91e5892,,Marital and Family relations,,,Misc,Coded,,,,,,,,,
63720b8c-5d6f-4ed7-bd9b-1877f774876c,,SW Client Phone Number,Phone Number,,Misc,Text,,,,,,,,,
e605da99-9809-4e9b-8e5b-2df35668a547,,SW Client Language,Language,,Misc,Text,,,,,,,,,
aa148b8b-8607-4e26-8439-50032abc77d0,,SW Client City or Region,City or Region,,Misc,Text,,,,,,,,,
92b08991-9261-47e3-ac7c-8fd333c41761,,SW Client Card Number,Card Number,,Misc,Numeric,,,,,,,,,
2106e9f3-b71f-4f32-a837-77ad943ef709,,SW Assessment Recommendation,Recommendation,,Misc,Text,,,,,,,,,
9cc91db1-d67c-4e87-bad0-f11bb754103e,,SW Assessment Comment,Comment,,Misc,Text,,,,,,,,,
f63f77c5-ac85-43fd-bf8c-58098ea4c7c9,,Parental Adjustment,,,Misc,N/A,,,,,,,,,
872f6950-abbf-493f-a0a9-4cff76a4c954,,Pre-surgery,,,Misc,N/A,,,,,,,,,
a59e84a0-94b1-414b-bffa-146837dd39c2,,Post-surgery,,,Misc,N/A,,,,,,,,,
3489cdf0-2dfe-4e12-9da5-9da8ee894241,,Pre-school,,,Misc,N/A,,,,,,,,,
cc82f6a6-7b3f-47cf-8a3a-636549f544b2,,Teenage,,,Misc,N/A,,,,,,,,,
17c6550f-fd56-47ae-bd30-c06785cf4050,,Adult,,,Misc,N/A,,,,,,,,,
1981a51f-7972-49f2-b669-9dca5a0a1e8d,,SW Intervention Comment,,,Misc,Text,,,,,,,,,
ac766398-5e94-4479-8d87-03f91c84f239,,SW Recommendation for Next Treatment,,,Misc,Text,,,,,,,,,
6a9b090a-0757-4a43-9d3a-81b7fb968826,,Velopharyngeal Insufficiency,,,Misc,Coded,,,,,,,a2065636-5326-40f5-aed6-0cc2cca81ccc;b497171e-0410-4d8d-bbd4-7e1a8f8b504e;3b75cc72-924b-4d36-8891-95484287495e,,
ce7f77bb-4b72-4374-8a1c-c037d3691f9f,,IntraOperative,,,Misc,N/A,,,,,,,,,
20e2d3ae-ce2c-4b0f-a35e-608e46d4cf32,,PostOperative,,,Misc,N/A,,,,,,,,,
380377be-7d50-4875-a009-a6ce1ab39d6b,,"If Antibiotics given PostOperative, number of days",,,Misc,Numeric,,,,,,,,,
77322753-7c3e-4aa1-b78c-1a3acbfaf23c,,"Complications, injury or mortality",,,Misc,Coded,,,,,,,a2065636-5326-40f5-aed6-0cc2cca81ccc;b497171e-0410-4d8d-bbd4-7e1a8f8b504e,,
2b5b670b-8d5b-4857-9eb6-a70b9d521b95,,Surgery Type Comment,,,Misc,Text,,,,,,,,,
829f8a7e-7e63-40ff-b308-a59cff4e6cef,,Recommended Surgery Followup,,,Misc,Text,,,,,,,,,
f9a5f147-2728-4631-88c1-4f0bbe5a95da,,Afan Oromo,,,Misc,N/A,,,,,,,,,
7e8e4bdb-902e-4d0f-8449-ec2ff60e6b54,,Somali (Language),Somali,,Misc,N/A,,,,,,,,,
154e799e-c959-4fa4-9848-c91f03b73419,,Tigrinya,,,Misc,N/A,,,,,,,,,
b465ce8d-9153-48a2-9baa-ea8dfe66d134,,Sidamo,,,Misc,N/A,,,,,,,,,
e66cd27c-e461-4c2b-a0c1-cf4f7c24f8a4,,Wolaytta,,,Misc,N/A,,,,,,,,,
8d5b0eec-3c4e-4f25-b3c0-cdcdf2e39ff5,,Gurage,,,Misc,N/A,,,,,,,,,
1d9d341c-e953-4f83-9fa4-d229eb4a812d,,Afar (Language),,,Misc,N/A,,,,,,,,,
60c88ef4-48dd-4ed0-b59f-65db5ec01597,,Hadiyya,,,Misc,N/A,,,,,,,,,
8d13e825-6f6c-44c5-a87a-f7b709dd09c6,,Gamo,,,Misc,N/A,,,,,,,,,
ac8e59b0-581d-4cf9-ac8f-211aeffcc60e,,Family Language Other,,,Misc,N/A,,,,,,,,,
1b912ee6-fecc-4459-aff0-3d4d8e8dbad4,,"0 - 7,000 ETB",,,Misc,N/A,,,,,,,,,
67c9680a-bc15-44b0-8749-b98881e262c7,,"7,000 - 20,000 ETB",,,Misc,N/A,,,,,,,,,
7a3a7c48-ae73-4bc3-8322-023ed8785911,,"20,000 - 30,000 ETB",,,Misc,N/A,,,,,,,,,
4ea040cd-d154-4c11-9660-63dff655ba10,,"30,000 - 50,000 ETB",,,Misc,N/A,,,,,,,,,
3f1f20bb-9557-48db-b63b-f91cb4ae45c2,,"50,000+ ETB",,,Misc,N/A,,,,,,,,,
2c816587-e3ab-4824-ad32-fca0ee6a8df0,,Djibouti,,,Misc,N/A,,,,,,,,,
fc51667e-8372-414b-96dd-4525e05ac86f,,Eritrea,,,Misc,N/A,,,,,,,,,
89fc909d-0113-4b89-a96b-cf984bae7623,,Sudan,,,Misc,N/A,,,,,,,,,
7e3146cb-18cb-4884-bdae-0978f04ceb54,,Uganda,,,Misc,N/A,,,,,,,,,
e9a9ac01-5d39-441e-b19c-dd30acaa7fc6,,Country - Other,,,Misc,N/A,,,,,,,,,
b619394c-2a02-4ef1-942a-7fe0e334a3f7,,Afar (State),Afar,,Misc,N/A,,,,,,,,,
1130c751-0ad0-4aad-9f04-4d34eeba567d,,Somali (Regional State),Somali,,Misc,N/A,,,,,,,,,
2e473e16-a829-4b3d-ba57-d9d06521ec0d,,Benishangul,,,Misc,N/A,,,,,,,,,
d47a7735-2dc2-44df-ae08-f404c44261cb,,SNNP,,,Misc,N/A,,,,,,,,,
4dc7766c-7cf9-4df9-aef5-53af485e4aa1,,Harari (Regional State),Harari,,Misc,N/A,,,,,,,,,
df863bca-9d3b-4a4d-ab22-3db495f7149a,,Gambella,,,Misc,N/A,,,,,,,,,
b5016231-57fb-4785-bb7a-3a275883bfad,,Addis Ababa City Administration,Addis Ababa City,,Misc,N/A,,,,,,,,,
5f545c7c-cd53-453c-91e7-f5a949b90a01,,Dire Dawa City Administration,Dire Dawa City,,Misc,N/A,,,,,,,,,
1eacc601-35f1-4c8d-b02c-30dc047c19d1,,Pierre Robin Sequence,,,Misc,N/A,,,,,,,,,
f6561d2a-bbcd-44f7-8ec8-c92fa2839689,,Stickler Syndrome,,,Misc,N/A,,,,,,,,,
bfa7bd4e-f7f8-43fe-bd21-ad09ce1b032c,,22q11 Deletion Sequence,,,Misc,N/A,,,,,,,,,
8e61db0c-6add-4e2c-aed3-d3d5b3a8aeec,,Not old enough for school,,,Misc,N/A,,,,,,,,,
ecd254ba-3575-46d9-b47f-c2788a501080,,Primary school-aged - not in school,,,Misc,N/A,,,,,,,,,
63cb911b-b05b-40b2-88a0-65bb8111d3c0,,Attending primary school,,,Misc,N/A,,,,,,,,,
4d3a167c-2561-4c06-bd0d-3b05fefebcb6,,Completed primary school,,,Misc,N/A,,,,,,,,,
56aff52f-7da0-4bb2-9128-8619d5a29556,,Secondary school-aged - not in school,,,Misc,N/A,,,,,,,,,
c58febff-ae55-4e85-9086-fb9a85b9913b,,Attending secondary school,,,Misc,N/A,,,,,,,,,
fcb88e18-2e51-4bd1-a04c-e4205968f6fe,,Completed secondary school,,,Misc,N/A,,,,,,,,,
e59b2732-004c-498a-88de-e6f1011727de,,Attending college or university,,,Misc,N/A,,,,,,,,,
f81d7bdc-a701-477a-9c29-10aa148cfccd,,Completed college or university,,,Misc,N/A,,,,,,,,,
0d57f750-e4e0-446c-be7f-116b36556660,,Cannot read or write,,,Misc,N/A,,,,,,,,,
aa149bbc-4e67-46cc-b46d-2eb158a4f617,,Can read and write,,,Misc,N/A,,,,,,,,,
bbca8e67-2e11-4f38-b262-dc7114a102b5,,Occupation of Parents,,,Misc,Text,,,,,,,,,
0958ba58-d218-4cae-894b-2ab174ea9a2d,,Not married,,,Misc,N/A,,,,,,,,,
8d4229b1-8573-44c8-8bae-cf7865665199,,Consanguineous,,,Misc,N/A,,,,,,,,,
eae02058-dccc-4f8f-9272-7170c005cd87,,Simonartz Band - Left,,,Misc,Coded,,,,,,,c4596f8c-3f10-11e4-adec-0800271c1b75;c459ee22-3f10-11e4-adec-0800271c1b75,,
16f6d2da-9d14-44d9-9cd5-a49a248d455c,,Simonartz Band - Right,,,Misc,Coded,,,,,,,c4596f8c-3f10-11e4-adec-0800271c1b75;c459ee22-3f10-11e4-adec-0800271c1b75,,
aad24ad9-8b95-454f-9ede-0bd5e6a2b458,,Nostril Floor - Left,,,Misc,Coded,,,,,,,7ba0444e-2d5f-44a3-b356-3c61b91c9a33,,
b244dbb5-f1b6-475b-b793-755a3fb0f780,,Nostril Floor - Right,,,Misc,Coded,,,,,,,7ba0444e-2d5f-44a3-b356-3c61b91c9a33,,
c4556ac8-4947-41c5-980c-f4c931f05ab9,,Elective,,,Misc,N/A,,,,,,,,,
839db16f-927d-4142-9ffc-4f383c714760,,Emergency,,,Misc,N/A,,,,,,,,,
f0cf74e5-6220-4f89-8228-b48b81328a2b,,Scheduled date of surgery,,,Misc,Date,,,,,,,,,
19be2293-1301-48f6-b3c1-8a515ea5b470,,Scheduled time of surgery,,,Misc,Text,,,,,,,,,
8011eb53-5036-4d93-922b-f0384f623bea,,Station,,,Misc,Text,,,,,,,,,
f07896fc-8bb2-4b74-837a-279dd2c60af3,,Preoperative diagnosis,,,Misc,Text,,,,,,,,,
17923fee-a788-408a-96a4-77aa7c005f93,,Patient Name,,,Misc,Text,,,,,,,,,
7ee400ba-43c7-434c-bf1a-2889d5b11784,,Patient Age,,,Misc,Numeric,,,,,,,,,
e2b3b122-bf92-4990-b633-490f1d1da5af,,Patient Sex,,,Misc,Text,,,,,,,,,
e69d4b5f-5b64-40a1-a362-ec9fa9a01018,,Ward,,,Misc,Numeric,,,,,,,,,
28025ec5-0383-4853-abce-4ab1125b4134,,Bed Number,,,Misc,Numeric,,,,,,,,,
94f05982-8a50-467b-9bfe-9c26e8fc6838,,Card,,,Misc,Text,,,,,,,,,
1eb2fc12-18d1-4782-881f-53f7bbcbc0b9,,Patient,,,Misc,N/A,,,,,,,,,
6104c184-064d-423b-bc56-563ed1b8dfd1,,Present problem,,,Misc,Text,,,,,,,,,
dde5ff9e-4d9d-4459-a114-a7e71ea1c051,,Narcotics,,,Misc,N/A,,,,,,,,,
9c96c1c1-377d-424f-ba0b-ba38052a6b68,,Alcohol,,,Misc,N/A,,,,,,,,,
55cb41e9-0eaa-4ce3-bf2e-5616861ef76c,,Yes - Uneventful,,,Misc,N/A,,,,,,,,,
ba9fa541-d86d-4a6a-9115-e2f63aa8a8d0,,Yes - Eventful,,,Misc,N/A,,,,,,,,,
79ba6560-dee7-42c0-a4d1-165b270161f6,,Known,,,Misc,N/A,,,,,,,,,
4c4fa47e-4095-4d69-8683-5f5c16511df6,,Fainting,,,Misc,N/A,,,,,,,,,
b0b6dab0-c872-4bd6-9a99-f526ccd0d571,,Sputum for Anesthesia form,Sputum,,Misc,N/A,,,,,,,,,
73824ba9-f8c0-416d-bfeb-8e3e57af7184,,Paresis,,,Misc,N/A,,,,,,,,,
3795cdd4-4dd0-49a0-8000-ab17fef6d6ab,,Epilepsy,,,Misc,N/A,,,,,,,,,
d83c5448-7d84-4f62-acc9-d37364319f22,,Other CNS,,,Misc,N/A,,,,,,,,,
da05216c-8f5d-48f2-a366-ec95c0c327da,,RUQ Pain,,,Misc,N/A,,,,,,,,,
a111dd73-1bf5-41a4-aa07-64f4894a4f36,,"Swelling, Distention",,,Misc,N/A,,,,,,,,,
646af611-da78-457e-8bff-3bc9e4b4c2a7,,Urgency,,,Misc,N/A,,,,,,,,,
264df36b-f8c6-4e74-8e5c-cf9833953707,,Frequency,,,Misc,N/A,,,,,,,,,
8b862cb7-7a48-417d-b102-e354eb8a058d,,Oliguria,,,Misc,N/A,,,,,,,,,
354f6030-0cac-4831-878e-f10c4cdaff8a,,Polyuria color,,,Misc,N/A,,,,,,,,,
11068af6-1306-4450-8aeb-34629c8159b6,,Other Notes on Systems,,,Misc,Text,,,,,,,,,
cd1ce266-fb44-4710-b796-d7ddd1ddfdc4,,Well looking,,,Misc,N/A,,,,,,,,,
be36a469-f581-4f41-a090-ac98ab948b9f,,Acutely Sick,,,Misc,N/A,,,,,,,,,
a2aceeaf-1842-4f5c-aa21-558efbca3b59,,Sick looking,,,Misc,N/A,,,,,,,,,
69952061-ed6b-4955-81d6-41fd7ddb508e,,BP,,,Misc,N/A,,,,,,,,,
2db6b1d7-c1e7-4376-9509-9a2564c4ec2b,,Maliampati 1,,,Misc,N/A,,,,,,,,,
e90202e1-b669-43f7-9f2e-11fa0f176172,,Maliampati 2,,,Misc,N/A,,,,,,,,,
39c0b616-7b56-49ea-9090-4bb35f4766b9,,Maliampati 3,,,Misc,N/A,,,,,,,,,
78805489-0ab8-4c0f-8a53-c759076a6de5,,Maliampati 4,,,Misc,N/A,,,,,,,,,
33d9f0e2-c60c-4e02-bb77-0e97e7074905,,Denture,,,Misc,N/A,,,,,,,,,
3d772d44-9c1b-4cf1-af1e-c978f0d27fbe,,Bridge,,,Misc,N/A,,,,,,,,,
dacc22e1-0496-4e42-a389-e47bf843a69e,,Loose,,,Misc,N/A,,,,,,,,,
8e39fb6f-3efc-4b73-aac4-a6cbc83cca0c,,Poor hygiene,,,Misc,N/A,,,,,,,,,
17fe9884-eabc-475a-826d-2d76241af095,,Gallop,,,Misc,N/A,,,,,,,,,
fcf39e04-bee4-4d0d-b849-37c127962887,,Murmur,,,Misc,N/A,,,,,,,,,
21159ed9-1127-495e-8a81-7b7d45fab9c8,,JVP,,,Misc,N/A,,,,,,,,,
90cb68cc-d85c-452c-b008-4a91b656d150,,Displaced PML,,,Misc,N/A,,,,,,,,,
8c3998e4-16b0-4cc4-b4ef-0aa5e80c1272,,Dullness,,,Misc,N/A,,,,,,,,,
c8f93bc1-bf36-4619-80f0-40a7d03c4cfa,,Sound,,,Misc,N/A,,,,,,,,,
f795b302-82be-4387-8f7b-09bc4f2d8403,,Temp change,,,Misc,N/A,,,,,,,,,
0f2c44ad-cea6-4659-9561-4385bf5ff5fb,,Color change,,,Misc,N/A,,,,,,,,,
0ba76d74-b000-412c-9762-8233479a47f5,,grossly normal,,,Misc,N/A,,,,,,,,,
8f8301b3-59ac-4548-8263-45d1843b6f86,,Other notes on physical exam,,,Misc,Text,,,,,,,,,
87276ca8-fefa-431a-a439-52f76b7934cb,,sepsis - anesthesia,Sepsis,,Misc,N/A,,,,,,,,,
8d26e687-f8ee-475a-9734-acdc4aaf8c0e,,Infant less than 6 months,,,Misc,N/A,,,,,,,,,
e3782d3a-910b-4b3c-a95c-6c56162b4969,,DM,,,Misc,N/A,,,,,,,,,
4805ad7e-20dd-47ed-aef4-f41e1a2c8579,,CHF,,,Misc,N/A,,,,,,,,,
4b9b0871-d3e5-4fdc-97fc-891317c90129,,Unstable AP,,,Misc,N/A,,,,,,,,,
ca40985f-d1cd-44a9-82e0-031b7f3bfd77,,Hypovolemia,,,Misc,N/A,,,,,,,,,
b583e603-6376-472e-a75e-5b9da212fa30,,Shock,,,Misc,N/A,,,,,,,,,
e54f8c8f-de89-4654-bedb-7c02b3a71b03,,COPD,,,Misc,N/A,,,,,,,,,
d3f90a02-ffaf-4870-b212-941c5c3317ff,,Resp Insufficiency,,,Misc,N/A,,,,,,,,,
35c90d48-25c3-4532-b0c6-3e391043d4f9,,Polytrauma,,,Misc,N/A,,,,,,,,,
8d625d1f-2fd1-4b21-974d-5da46bf48182,,ICU Patient,,,Misc,N/A,,,,,,,,,
0975546c-68b7-4622-b48f-b46e31384bac,,Other special risk,,,Misc,N/A,,,,,,,,,
dccadd0c-f89a-47e1-b189-fb4b0ef08367,,broncodilators,,,Misc,N/A,,,,,,,,,
00f2164b-2ad3-4728-b921-9bec8d3dc7bb,,Corticosteroids,,,Misc,N/A,,,,,,,,,
fbe8edc9-1264-468e-95a1-763412d36c9d,,Hypoglycemic,,,Misc,N/A,,,,,,,,,
42d29a80-4058-4de3-a02f-61fcc0d9a23b,,PTU,,,Misc,N/A,,,,,,,,,
497e4db3-6858-49c4-ae41-e86a602ae707,,Antihypertensive,,,Misc,N/A,,,,,,,,,
540facf6-3202-472b-b754-0e27d875a225,,Ca-antagonist,,,Misc,N/A,,,,,,,,,
0d7bc2ab-805e-4338-b3a3-57dd6fcbe838,,Digitalis,,,Misc,N/A,,,,,,,,,
9fbdf5ed-0b29-40bb-8a6e-ab727e615a76,,B-Blocker,,,Misc,N/A,,,,,,,,,
a8057807-d3d3-4cac-8f3f-4d53090dc472,,Antiarrhythmic,,,Misc,N/A,,,,,,,,,
efe05c51-05b7-4473-8a3e-2b27af42d506,,Diuretics,,,Misc,N/A,,,,,,,,,
08d23d25-c05d-43e2-bb13-5acc8049a0b7,,Anticoagulant,,,Misc,N/A,,,,,,,,,
61630a4a-6447-4aeb-9e76-e5eee10ab5d8,,Other current medications,,,Misc,N/A,,,,,,,,,
f08fa630-9014-43da-93b6-b3aad65ba72e,,CBC - Anesthesia,,,Misc,Text,,,,,,,,,
998d86cd-86c0-42a3-9666-848a4a94cc82,,ABO - RH,,,Misc,Text,,,,,,,,,
838ce051-2ff8-4ab8-92de-d95f131521b6,,Urine - Anesthesia,,,Misc,Text,,,,,,,,,
23f9fcf6-a0e8-4882-aeec-fb431bbdf786,,BUN-creatinine,,,Misc,Text,,,,,,,,,
842f822b-85ab-4b63-a655-8f8d730564af,,LFT,,,Misc,Text,,,,,,,,,
4045072f-d441-4986-a14f-c274415a1c5a,,Blood Glucose,,,Misc,Text,,,,,,,,,
3661bc7e-17b9-45e2-a47c-29538071df47,,ECG,,,Misc,Text,,,,,,,,,
09fcb34a-62a2-40bc-9647-8835600c8dcf,,CSR,,,Misc,Text,,,,,,,,,
6c0e2086-fc1b-4454-b5d5-a8a3bcf0eda3,,Na,,,Misc,N/A,,,,,,,,,
acfeb020-673d-4edd-9401-fc68a39298e7,,K,,,Misc,N/A,,,,,,,,,
4c8c29fe-5456-421f-b083-78f806776d09,,CL - Electrolytes,,,Misc,N/A,,,,,,,,,
b67c1f14-a0e6-4cd8-8bbe-ba2e0b5ff393,,Electrolytes,,,Misc,Text,,,,,,,,,
724102c1-e115-4d2b-aa70-25059bbc1744,,Other Lab,,,Misc,Text,,,,,,,,,
c43ef0e5-d650-496f-a28e-ea5ed744627d,,Fit for Anesthesia,,,Misc,N/A,,,,,,,,,
d51e3725-99da-4f13-abf7-89d17e3df368,,Unfit for Anesthesia,,,Misc,N/A,,,,,,,,,
413a0881-eb9b-43dd-83f6-e620709505e7,,Anesthesia - RA,,,Misc,N/A,,,,,,,,,
69fbd463-440c-4de7-834b-9f076548d1ec,,Anesthesia - MAC,,,Misc,N/A,,,,,,,,,
a760ae3d-b7fd-4e09-bdf5-c7c0750628f6,,Anesthesia - Other,,,Misc,N/A,,,,,,,,,
2f4836e5-9599-49f7-80b0-a3018b81affa,,NPO Orders,,,Misc,Text,,,,,,,,,
937f9404-615a-4222-b2f4-0365ea1f7ceb,,ASA Class - 1,,,Misc,N/A,,,,,,,,,
eb1742e1-40cb-4fce-be32-90ef9ee0340b,,ASA Class - 2,,,Misc,N/A,,,,,,,,,
40884893-f10f-4224-9d6e-a7e05555a3bd,,ASA Class - 3,,,Misc,N/A,,,,,,,,,
d1004ec1-9d8e-43d9-8d73-f11344b49fd1,,ASA Class - 4,,,Misc,N/A,,,,,,,,,
077ae098-1896-47c5-8bb0-46ba7aa19010,,ASA Class - 5,,,Misc,N/A,,,,,,,,,
775f7d35-dfab-4b1e-b43a-b0927037857b,,Name and signature,,,Misc,Text,,,,,,,,,
6919f152-7268-4e90-84d6-f1522e835e30,,Cardiovascular Anomaly,,,Misc,N/A,,,,,,,,,
953bd761-74b1-49f2-be12-79cd1c82f53a,,Limb Anomaly,,,Misc,N/A,,,,,,,,,
764ad1e7-c916-4fe4-812a-8594965eb6b1,,Other Craniofacial Anomaly,,,Misc,N/A,,,,,,,,,
4c2075ae-db8a-48a3-9fad-b4b1977aae61,,Multiple Malformations,,,Misc,N/A,,,,,,,,,
906c7032-8083-4cb6-9965-0526c335b3da,,Abiye,,,Misc,N/A,,,,,,,,,
4525e44b-ba54-45d8-b12a-fb8716e74dfe,,Mulatu,,,Misc,N/A,,,,,,,,,
82bdf7a2-738d-477d-beaf-652f247c8ab5,,Dilargachew,,,Misc,N/A,,,,,,,,,
7f2a9865-b660-4d35-a87e-0fcf9239ea37,TRUE,Sr. Bethelihem,Bethi,,Misc,N/A,,,,,,,,,
218759b6-b880-41a4-b968-a2ca09c7d2bd,,Bezuwork,,,Misc,N/A,,,,,,,,,
57eeaea5-6d9b-447b-adfc-128fae91d718,,Biniam,,,Misc,N/A,,,,,,,,,
b751c91d-fae0-4976-8a14-95d58e61cd65,,Akalu,,,Misc,N/A,,,,,,,,,
6e3c7879-73cf-436f-8d3d-010d31db5a31,,Rahel,,,Misc,N/A,,,,,,,,,
62c5a7d9-4031-4b3a-82a2-365a90567407,,Almaz,,,Misc,N/A,,,,,,,,,
dc9b5daa-97a4-4548-9f46-8d77ee47e5e3,,Meskerem,,,Misc,N/A,,,,,,,,,
ee5b5c10-3fd4-437e-97d2-03a0140b2603,,Tsige,,,Misc,N/A,,,,,,,,,
86e76313-333a-43a1-b6dc-a79243731b5a,TRUE,Yeayine,,,Misc,N/A,,,,,,,,,
aea5aa98-549e-4689-8f03-c7061bf4f9a0,TRUE,Meseret,,,Misc,N/A,,,,,,,,,
d4ebab41-608a-4ae4-9c5b-10229797db1d,,Berhane,,,Misc,N/A,,,,,,,,,
ab511087-f41c-4a1f-9a1a-32d97ab69408,TRUE,Nebiat,,,Misc,N/A,,,,,,,,,
be73f1b8-e3df-4977-8bb6-7bfc7e0221c1,TRUE,Lina,,,Misc,N/A,,,,,,,,,
ebd9e01d-d31b-4ff7-9084-351765bee382,,Project Leader,,,Misc,N/A,,,,,,,,,
fbb6ace6-6b24-46ea-8b64-10a9bc71d276,,Surgeon,,,Misc,N/A,,,,,,,,,
f0102cde-5ce6-4806-a3fa-d177a5117c6c,,Orthodontist,,,Misc,N/A,,,,,,,,,
e4390e5c-c19a-4c0c-9f48-353f94207344,,Financial Manager,,,Misc,N/A,,,,,,,,,
c3d77318-7e97-41b1-aaea-c352df923312,,Reporting Officer,,,Misc,N/A,,,,,,,,,
166ef303-4048-4fe9-a85a-4e8c23236af8,,Assistant Speech Therapist,,,Misc,N/A,,,,,,,,,
1602453e-9dbc-402c-addf-bd9f7d688ff2,,Nurse Coordinator,,,Misc,N/A,,,,,,,,,
d3618252-25a3-4669-ae2e-fb78b70415dd,,Cashier,,,Misc,N/A,,,,,,,,,
0cd0c115-2a61-4118-9952-1da12ec9742c,,Ortho Technician,,,Misc,N/A,,,,,,,,,
3c53c7a9-10eb-479b-885d-0a8fb4ffb4a4,,Oral Hygienist,,,Misc,N/A,,,,,,,,,
410396ca-f6f2-4284-9432-54c37b6b09ed,,Data Encoder,,,Misc,N/A,,,,,,,,,
98de7a96-f32e-44a9-a2bb-6e0996f4937f,,Anesthesiologist,,,Misc,N/A,,,,,,,,,
92f5a7f0-03ef-4fdd-ab47-a4f300dc1659,,ENT Assessment Recommendation,,,Misc,Text,,,,,,,,,
ea63eefc-9568-41a9-8632-eb2e8987f9c4,,Surgery Assessment Recommendation,Recommendation,,Misc,Text,,,,,,,,,
858ec39f-7ba1-4dc6-b030-d627d27dcc6d,,Surgery Assessment Comment,Comment,,Misc,Text,,,,,,,,,
df6b44b7-1784-464f-9cd8-13d6a137d373,,Planned type of Surgery,,,Misc,Text,,,,,,,,,
bbe6df7d-ce32-4839-a4ea-45a03b72de9d,,Speech Assessment Recommendation - Over 3yrs,,,Misc,Text,,,,,,,,,
714620dd-984f-4898-bcda-feeaa9fb0519,,Speech Assessment Comment - Over 3yrs,,,Misc,Text,,,,,,,,,
c62b1e35-6df1-41f4-b0d7-7c790e156802,,Teeth present,,,Misc,Text,,,,,,,,,
7ca9c0c7-c232-4939-882f-db5848330741,,Permanent dentition,,,Misc,Coded,,,,,,,,,
e74051e7-651a-428a-9d80-782b94aa61fa,,Excellent,,,Misc,N/A,,,,,,,,,
74a1fd8a-6946-4429-b203-1358fa752416,,Orthodontic diagnosis,Orthodontic diagnosis,,Misc,Text,,,,,,,,,
0530c235-a690-4da8-ac1c-e7bf70132532,,52,,,Misc,N/A,,,,,,,,,
651abf36-8d95-4ef8-8889-3af096ed33d5,,53,,,Misc,N/A,,,,,,,,,
8dcd5818-d554-4ae1-be1c-fef501815728,,54,,,Misc,N/A,,,,,,,,,
b2a1119f-6299-4025-8599-9b6dcc6647eb,,55,,,Misc,N/A,,,,,,,,,
00605d2a-c9ce-4664-9f59-2ce30309678c,,Dental Assessment Recommendation,,,Misc,Text,,,,,,,,,
518a6c38-f67b-48ad-ae41-4d40a62f2387,,Dental Assessment Comment,,,Misc,Text,,,,,,,,,
13395dda-4f4a-4c7f-9078-58445fd05893,,Next Steps,,,Misc,Text,,,,,,,,,
f468fd4b-e7bd-4199-9a82-cf490e99a0c8,,Next appointment,,,Misc,Date,,,,,,,,,
5721120e-360b-4e28-bc77-adc056398140,,Undergoing Treatment,,,Misc,N/A,,,,,,,,,
bd74cc0e-4ff9-479a-8960-11841d905963,,Treatment Interrupted,,,Misc,N/A,,,,,,,,,
797f9789-5029-4713-a540-3987720b7fe8,,Speech Intervention Comment - 0 - 2yrs,,,Misc,Text,,,,,,,,,
15c1f2fa-ee35-4e51-9110-1f52f6271c2f,,Speech Intervention Comment - 2yrs and older,,,Misc,Text,,,,,,,,,
04a9bb4f-4950-4c48-ac75-52758f33e95d,,Nutrition Intervention Comment,Comment,,Misc,Text,,,,,,,,,
2e63c86d-0419-41a0-ba92-b391b6e6df2c,,Dental Intervention Service-specific Information,,,Misc,Text,,,,,,,,,
a5995c76-fcde-44ae-9fe2-30d071dd0569,,ENT Discharge,,,Misc,N/A,,,,,,,,,
6589afdc-b9f8-45e1-9cf0-cfa91f2c5241,,Displacement,,,Misc,N/A,,,,,,,,,
59ee664b-6372-4661-b81b-70a2bf2ff6a8,,Discoloration,,,Misc,N/A,,,,,,,,,
9f0c1c19-7d80-447a-b776-447da17ebf8d,,Deformity,,,Misc,N/A,,,,,,,,,
9b345950-8b23-4e5f-952c-9985912ac5c8,TRUE,Normal - Gromet,,,Misc,N/A,,,,,,,,,
6c0141d5-a92e-4663-98ed-ca50b8d983a6,,"Dull, retracted",,,Misc,N/A,,,,,,,,,
6d427034-60bd-4089-8696-d017c3b480e3,,Perforated,,,Misc,N/A,,,,,,,,,
ce2190d9-d021-4435-9ed9-c24c2c6372e3,,Wax,,,Misc,N/A,,,,,,,,,
a96d5669-08ad-403a-a2b6-b703710eac50,TRUE,Tympanic Membrane - Intact,,,Misc,N/A,,,,,,,,,
3472a89f-cecf-4f85-b78d-1c58f9a644a9,TRUE,Tympanic Membrane - Dull,,,Misc,N/A,,,,,,,,,
d52fb6d2-9f3c-4802-9ec2-b73465c9f03d,,Hyperemic,,,Misc,N/A,,,,,,,,,
f1667923-fe40-48e3-8bbd-b0662b784126,TRUE,Tympanic Membrane - Perforated,,,Misc,N/A,,,,,,,,,
30c316d7-950e-4a12-99b3-8746050a25f5,TRUE,Tympanic Membrane - Bulge,,,Misc,N/A,,,,,,,,,
37b12b5c-fc7a-4dc5-b3f6-023d8c0b81c0,TRUE,Mastoid tender - Yes,,,Misc,N/A,,,,,,,,,
15f0c096-c6da-4d1b-911b-e0375d5620c8,TRUE,Mastoid tender - No,,,Misc,N/A,,,,,,,,,
0d6abbe6-0781-4545-8fb1-514c5ac10a2c,,Rinne Test,,,Misc,Coded,,,,,,,c4596f8c-3f10-11e4-adec-0800271c1b75;c459ee22-3f10-11e4-adec-0800271c1b75;7acfafa4-f19b-485e-97a7-c9e002dbe37a;718b4589-2a11-4355-b8dc-aa668a93e098,,
fa289b22-f59c-44f4-9aa5-eb9ede0b87d1,,Central,,,Misc,N/A,,,,,,,,,
78ba18a1-f765-4862-b635-df7e35a8934e,,Lateralized to Right,,,Misc,N/A,,,,,,,,,
f39afa4a-db67-4535-b552-69de9d81bbc2,,Lateralized to Left,,,Misc,N/A,,,,,,,,,
83ddf636-d543-444e-8c57-a69c4aac0700,,Duration - YYMM,,,Misc,N/A,,,,,,,,,
ab03e2ce-d46e-4d95-8075-d87eecf3bb74,TRUE,Past History of Ear Infection,,,Misc,Coded,,,,,,,a2065636-5326-40f5-aed6-0cc2cca81ccc;b497171e-0410-4d8d-bbd4-7e1a8f8b504e,,
e1997d60-c7dc-4897-8767-088b5536a5b7,TRUE,Duration of past ear infection,,,Misc,Text,,,,,,,,,
e6c56fe7-b87a-4d2a-bf77-c4aab5f6dc5c,,Present History of Ear Infection,,,Misc,Coded,,,,,,,a2065636-5326-40f5-aed6-0cc2cca81ccc;b497171e-0410-4d8d-bbd4-7e1a8f8b504e,,
3b00a0a4-b8ef-4906-8b74-bc576cf93387,,Acute,,,Misc,N/A,,,,,,,,,
c6becaaa-6ca2-4fbd-a223-d214d2334207,,Chronic,,,Misc,N/A,,,,,,,,,
c986ed37-1849-49b9-bef1-3ce77da6cf04,,History of hearing problem,,,Misc,Coded,,,,,,,a2065636-5326-40f5-aed6-0cc2cca81ccc;b497171e-0410-4d8d-bbd4-7e1a8f8b504e,,
32ef6bb6-f34e-4e10-971f-153defc13da0,,Secretory otitis media,,,Misc,N/A,,,,,,,,,
445e6eb0-8c38-4786-9a0d-da20e87d2a0d,,Topical ear drop,,,Misc,N/A,,,,,,,,,
ae0379df-9bcf-4fc1-8258-81cbc31454ed,,Systemic Antibiotic,,,Misc,N/A,,,,,,,,,
e0bf5551-5628-43cc-8852-a12e9f9560e8,,Steroid,,,Misc,N/A,,,,,,,,,
eec98cd9-c66e-43af-b333-63b049403216,,Maringotomy,,,Misc,N/A,,,,,,,,,
bc51ebb9-c1eb-4af7-bd77-b0128fd4c9fe,,Grommet,,,Misc,N/A,,,,,,,,,
908f79e4-26bc-4e24-94e2-809b7e431670,,Grommet insertion,,,Misc,N/A,,,,,,,,,
c6ad2d0d-0bcd-4a44-851d-1d8f09bcf8ef,,Tynpanoplasty,,,Misc,N/A,,,,,,,,,
e4d2c7b5-1402-4640-8f2c-924b69f0a5f4,,Mastoidectomy,,,Misc,N/A,,,,,,,,,
d20a488c-15a7-49ed-8e24-93d58eac3a57,,ENT Diagnosis,,,Misc,Text,,,,,,,,,
27c244e9-e5fc-48b6-a277-47752d2d8b50,,ENT Oral,,,Misc,Text,,,,,,,,,
2c469542-e783-4168-847c-ac6d413a8f53,,ENT Intervention Comment,,,Misc,Text,,,,,,,,,
6dda5a18-ecf8-4864-aca7-03afaf606fc7,,51,,,Misc,N/A,,,,,,,,,
c71c62ed-14eb-4926-b12e-35a18fb9c0a6,,61,,,Misc,N/A,,,,,,,,,
d7535e89-541a-4177-bdba-bd9d0523670b,,62,,,Misc,N/A,,,,,,,,,
abcd7ae9-9ca0-4cf0-b729-fd8842010cb7,,63,,,Misc,N/A,,,,,,,,,
2a1dcfbf-db28-47f0-a7ca-244a1248e235,,64,,,Misc,N/A,,,,,,,,,
f06d8706-9cd5-4391-8bc3-b7a45866f203,,65,,,Misc,N/A,,,,,,,,,
b9019091-675c-4a38-929b-37bc82355303,,71,,,Misc,N/A,,,,,,,,,
f47bb0cf-8c7b-4db6-ace9-e137f783caf2,,72,,,Misc,N/A,,,,,,,,,
0ae72e85-20e9-4469-88f0-ca52570ba1e3,,73,,,Misc,N/A,,,,,,,,,
d4c29e76-f9c5-4d7f-b4c0-f35155be515d,,74,,,Misc,N/A,,,,,,,,,
6df09ff9-a4da-4c71-8ab1-fe22ab291454,,75,,,Misc,N/A,,,,,,,,,
77a5754c-9d12-41c4-ae08-4457a8fb12f5,,81,,,Misc,N/A,,,,,,,,,
5c0eb2b7-8de9-4bed-847f-e6abca66ff03,,82,,,Misc,N/A,,,,,,,,,
fcf01ab4-8df5-4fda-931f-fc0dd5f327cf,,83,,,Misc,N/A,,,,,,,,,
509dbaba-c49b-4fc9-8c8f-27302783a5d0,,84,,,Misc,N/A,,,,,,,,,
76a3680f-a43c-4d8a-a4b1-f86572fe6abe,,85,,,Misc,N/A,,,,,,,,,
3eaf509b-9b3d-4692-b645-424de9c50132,,11,,,Misc,N/A,,,,,,,,,
e6a2bfd5-eb03-4606-8c95-5e94befcf11a,,12,,,Misc,N/A,,,,,,,,,
70859894-bfad-4d44-ae7a-8ac7014db8bf,,13,,,Misc,N/A,,,,,,,,,
66c64e6a-8038-4a0c-bbd6-1b43803014af,,14,,,Misc,N/A,,,,,,,,,
4407fe68-7acd-42b5-848e-a4d3aa172915,,15,,,Misc,N/A,,,,,,,,,
f58e7f2e-2037-4431-bcad-ab84b3ca4c5b,,16,,,Misc,N/A,,,,,,,,,
37127ad0-fd91-4982-b2f7-754abdde0c37,,17,,,Misc,N/A,,,,,,,,,
4210027a-73a2-4c46-a8ea-6ff081900b93,,18,,,Misc,N/A,,,,,,,,,
ce932dd6-9bca-4810-b201-b8f719ed84a7,,21,,,Misc,N/A,,,,,,,,,
5616c668-a9f4-489a-813d-671b813e867f,,22,,,Misc,N/A,,,,,,,,,
4b2c06d9-fde2-435f-b501-473282bbb0c3,,23,,,Misc,N/A,,,,,,,,,
c59e4ef6-c7f4-4560-9a2e-3cafa91f1a9e,,24,,,Misc,N/A,,,,,,,,,
0b887715-f9ff-4764-83cd-d37904a4f4bd,,25,,,Misc,N/A,,,,,,,,,
d1ce6562-ed24-4dcf-90b6-24548f43bd4e,,26,,,Misc,N/A,,,,,,,,,
be04fb8c-62e1-4add-a948-baf3700c26b9,,27,,,Misc,N/A,,,,,,,,,
bbde421d-fac1-4672-a334-96be5e3c680d,,28,,,Misc,N/A,,,,,,,,,
4e2f5cbe-3395-4aab-ac55-8031b3331213,,31,,,Misc,N/A,,,,,,,,,
5a5d2296-82cb-4ccd-8401-b2e7cba3b844,,32,,,Misc,N/A,,,,,,,,,
b38907ff-8922-41d8-a372-3fe4be3af6a7,,33,,,Misc,N/A,,,,,,,,,
430798dc-6f79-4e89-9f3d-a97f9c36b8e0,,34,,,Misc,N/A,,,,,,,,,
29e45116-b102-40d3-a08a-91e46988277b,,35,,,Misc,N/A,,,,,,,,,
6753d2fa-4a43-41f6-b916-501b4bebe18d,,36,,,Misc,N/A,,,,,,,,,
278b12a3-6267-43be-975e-2b8eecd0fab0,,37,,,Misc,N/A,,,,,,,,,
95c8fad0-9edc-47c2-b9f9-7600a2cb4c85,,38,,,Misc,N/A,,,,,,,,,
fcb1d1e5-4931-4ff9-8a02-b3206e8540f5,,41,,,Misc,N/A,,,,,,,,,
1a307427-a823-4cb1-aada-9fbde0172eca,,42,,,Misc,N/A,,,,,,,,,
cc575f5b-9f96-4617-a048-e749f2f5fb40,,43,,,Misc,N/A,,,,,,,,,
1f827d2e-6f6e-4120-8a7b-c3c71ea8c7e6,,44,,,Misc,N/A,,,,,,,,,
02eb452f-2dee-4734-9570-8434f317abc2,,45,,,Misc,N/A,,,,,,,,,
5ca1608c-2b8e-479a-8a95-560909dd5a0e,,46,,,Misc,N/A,,,,,,,,,
ee59c7d9-0c33-4da2-b0c7-b146c278a7c4,,47,,,Misc,N/A,,,,,,,,,
e84c8c8c-a858-4ec6-b905-0f1eefc7980e,,48,,,Misc,N/A,,,,,,,,,
9ef1b4ac-b595-4ed6-91d1-8b3c3d20d310,,Missing Permanent teeth Comment,Missing Teeth,,Misc,Text,,,,,,,,,
6adc73c4-bfab-4aa9-9059-8e5c35e58d25,,Missing Deciduous teeth Comment,,,Misc,Text,,,,,,,,,
9aeb6a99-1eeb-4ad4-9a3a-c7fc5093587b,,Carious teeth comment,Carious Teeth,,Misc,Text,,,,,,,,,
4c77962e-cbf3-4c9c-a52d-8c5d5f7f5efc,,Future appointment scheduled?,,,Misc,Coded,,,,,,,a2065636-5326-40f5-aed6-0cc2cca81ccc;b497171e-0410-4d8d-bbd4-7e1a8f8b504e,,
7b914de5-73ce-433a-a4c4-d2f5547376cb,,Refer to Nutrition Service,,,Misc,Coded,,,,,,,a2065636-5326-40f5-aed6-0cc2cca81ccc;b497171e-0410-4d8d-bbd4-7e1a8f8b504e,,
690625da-ce72-423e-9244-ee4d811d336f,,Treatment Not Started,,,Misc,N/A,,,,,,,,,
d7a15256-7f1a-46c4-86b9-d3480ad1a1b7,,Refer to Social Work Service - Patient,,,Misc,Coded,,,,,,,a2065636-5326-40f5-aed6-0cc2cca81ccc;b497171e-0410-4d8d-bbd4-7e1a8f8b504e,,
f6941b59-c9ec-4d77-8c64-9195b39a124c,,Refer to Social Work Service - Client,,,Misc,Coded,,,,,,,a2065636-5326-40f5-aed6-0cc2cca81ccc;b497171e-0410-4d8d-bbd4-7e1a8f8b504e,,
fb7945ba-3b3f-4f40-9ec9-43065ce4f900,,Social Work Treatment Status Comment - Client,,,Misc,Text,,,,,,,,,
0a08270b-8bd0-4e27-b8fa-fc076b1efdf2,,Refer to Speech Service - under 2yrs,,,Misc,Coded,,,,,,,a2065636-5326-40f5-aed6-0cc2cca81ccc;b497171e-0410-4d8d-bbd4-7e1a8f8b504e,,
1fc47f07-6112-42da-aab0-b7b06dbd516c,,Refer to Speech Service - over 2yrs,,,Misc,Coded,,,,,,,a2065636-5326-40f5-aed6-0cc2cca81ccc;b497171e-0410-4d8d-bbd4-7e1a8f8b504e,,
a56ed815-d3da-42f8-ad42-8f6fcf76e8f3,,ENT Treatment Status Comment,,,Misc,Text,,,,,,,,,
896e7e08-7202-456d-8843-89ffc8f5820b,,Refer to Dental Service,,,Misc,Coded,,,,,,,a2065636-5326-40f5-aed6-0cc2cca81ccc;b497171e-0410-4d8d-bbd4-7e1a8f8b504e,,
3b701f3b-bd27-46be-acd8-10aec50284e7,,Surgery Treatment Status Comment,,,Misc,Text,,,,,,,,,
b5bff1e7-5020-424a-8fa4-489e45bc0f15,,Patient Treatment Plan Comment,,,Misc,Text,,,,,,,,,
e9b34d2b-fa7d-43d8-95ce-0e28918a5278,,Date of Assessment,,,Misc,Date,,,,,,,,,
adf663de-230d-4269-b75d-f23946ea0cc6,,ENT Chief Complaint,,,Misc,Text,,,,,,,,,
3d60de8a-611f-495f-86db-83b41dc6d56c,,Date of Intervention,,,Misc,Date,,,,,,,,,
96591528-e9b5-4a7e-876f-4e881c967edc,,Date of Diagnosis,,,Misc,Date,,,,,,,,,
3e25dfbd-4bd0-4cf5-8179-fa09b7fb667b,,Other,,,Misc,N/A,,,,,,,,,
4efdf0f2-7fb2-45bd-8614-a8e8ebb23321,,Radio,,,Misc,N/A,,,,,,,,,
e30b09e6-3c8d-484b-992b-f27508506943,,Other - Specify in Note,,,Misc,N/A,,,,,,,,,
1b018067-88ae-400b-a17c-e300b2f1d8a7,,Rotation Advancement and Variants (Millard),,,Misc,N/A,,,,,,,,,
a867c049-2257-4cc8-aaa1-1e0506eca84d,,Straight Line Repair,,,Misc,N/A,,,,,,,,,
cc4b3fcc-35a9-4517-b6d5-704de3935050,,Fisher,,,Misc,N/A,,,,,,,,,
fca2d9f8-7e44-482a-8f56-ea9087e926fd,,Rose Thompson (Oxford Modification),,,Misc,N/A,,,,,,,,,
aa84c065-9153-474f-a7bd-7a88da80aa32,,Quadrilateral Flap Variant (Le Mesurier),,,Misc,N/A,,,,,,,,,
ddfd97e5-9cf4-4ef7-b352-1b60907cf381,,Millard Type Variant (Forked Flap),,,Misc,N/A,,,,,,,,,
901e560c-21c3-4900-850d-eff59059e157,,Rose Thompson (Veau III),,,Misc,N/A,,,,,,,,,
e90b5901-9f8f-419a-8d47-e8c84fc90e1e,,Mulliken Type Variant,,,Misc,N/A,,,,,,,,,
0009f8b6-9863-4dab-817e-98037d020c15,,Two-stage Repair,,,Misc,N/A,,,,,,,,,
4b7a3340-6cda-4a41-ad94-cf11d84c24ad,,Open,,,Misc,N/A,,,,,,,,,
2c520434-660c-40c5-9ea9-848c197e1a12,,Closed,,,Misc,N/A,,,,,,,,,
a761c8ad-6363-4fa7-9e8a-6a8bdd9304c1,,Late Repair,,,Misc,N/A,,,,,,,,,
915bff5a-b806-4c27-8fce-7c72bf2d6f51,,Langenbeck Variant,,,Misc,N/A,,,,,,,,,
a7d3e8df-4a19-4f42-afdb-77df8f247aca,,Pushback Variant,,,Misc,N/A,,,,,,,,,
25b98ac4-dcc4-48a5-8bb6-54a0d51a892d,,IVVP,,,Misc,N/A,,,,,,,,,
5e67e185-0bb2-432c-8b04-442c02acff09,,Veau-Wardill-Kilner Variant (Two Long Flap),,,Misc,N/A,,,,,,,,,
ccb16112-679f-4221-a2fb-d4ec34fc758b,,Veau-Wardill V-Y Retroposition Procedure for Partial Cleft Palate,,,Misc,N/A,,,,,,,,,
2d9d48f2-342d-4cfa-91f1-61e5ee8707a0,,Furlow's Procedure (Double Opposing Z-plasty),,,Misc,N/A,,,,,,,,,
0a10bf94-f374-4437-ad63-119ce1c4ac18,,Delaire Two Stage Repair,,,Misc,N/A,,,,,,,,,
50010b34-ab02-402e-804c-f9134f3c8416,,Two Flap Palatoplasty and Variants,,,Misc,N/A,,,,,,,,,
171997bc-70b2-4350-a5bf-d2a3dcd334d4,,Fistula Closure,,,Misc,N/A,,,,,,,,,
c2f48579-da4d-45a4-9858-998eefe8f5f3,,FAMM Flap (Facial Artery Musculomucosaflap),,,Misc,N/A,,,,,,,,,
e01dde48-37fc-4908-be7b-341b1e2aba6d,,Alloplastic Material (Alloderm),,,Misc,N/A,,,,,,,,,
c7e6fa73-5c90-460b-9c7c-d62357c377fd,,Secondary Furlow,,,Misc,N/A,,,,,,,,,
db180767-5c7f-4601-af35-26b023a9fd43,,Palatoplasty,,,Misc,N/A,,,,,,,,,
ec43dd23-cefa-4281-9bb4-39392188ae00,,Pharyngeal Flap,,,Misc,N/A,,,,,,,,,
6128f20b-9242-4275-a66e-122ce45ea03a,,Alveolar Bone Graft surgery,,,Misc,N/A,,,,,,,,,
147310fb-637a-4057-b09d-e989e44256e5,,Date of Event,,,Misc,Date,,,,,,,,,
6d2c8b37-17c6-40c2-a0bb-b0384376670d,,Surgery Date,,,Misc,Date,,,,,,,,,
e0c5d831-8e81-4f95-a72a-83c7c764bea8,,Patient Death,,,Misc,N/A,,,,,,,,,
3634d209-f4fb-4d7b-b437-0b09446fc5b3,,Patient Injury,,,Misc,N/A,,,,,,,,,
3642bad0-fead-4dc2-be3f-ff172533325d,,Serious Complication,,,Misc,N/A,,,,,,,,,
fd5179aa-0d07-4cca-911f-17e704b00e4d,,During surgery,,,Misc,N/A,,,,,,,,,
8b0fb305-f7b4-42c9-81c4-c984cec594ea,,After leaving hospital,,,Misc,N/A,,,,,,,,,
dbe20e95-69e9-416f-90f3-8efce73ce075,,Fistula,,,Misc,Boolean,,,,,,,,,
b3c5f6e4-7a85-48c0-9b6f-f3d3e55504ca,,Excessive bleeding dropdown,,,Misc,Coded,,,,,,,,,
c48c66ed-75bd-4fbf-8d0a-c91839b7b428,,Respiratory Arrest dropdown,,,Misc,Coded,,,,,,,,,
e84840e6-216a-4abc-a1c7-dba6be8799fd,,Longitudinal,,,Misc,N/A,,,,,,,,,
0faaf89f-29eb-45ab-97d4-74535cca4c80,,Transverse - small <50mm,,,Misc,N/A,,,,,,,,,
54541e86-ed3b-4fa3-9264-8ea6914ade08,,Transverse - medium 50 - 100mm,,,Misc,N/A,,,,,,,,,
e2a0e3cd-fe3a-48ca-b282-41dd59c7af55,,Transverse - large > 100mm,,,Misc,N/A,,,,,,,,,
f4d5de18-e8d8-4996-85cf-c237c04b14e4,,Hard Palate - anterior,,,Misc,N/A,,,,,,,,,
20b416dd-e9b9-4182-befe-7c2278aa3870,,Hard Palate - middle,,,Misc,N/A,,,,,,,,,
33dd83c0-f08c-4354-8c0d-77ccfaed0899,,Hard Palate - posterior,,,Misc,N/A,,,,,,,,,
c7d521f8-1906-4712-90b5-fca071141f8a,,Soft Palate site,,,Misc,N/A,,,,,,,,,
7d498643-67b8-41d7-b4df-b6abcc3021e3,,PreOperative,,,Misc,N/A,,,,,,,,,
7c11273d-812d-44be-a934-7e6190c87874,,While in Hospital,,,Misc,N/A,,,,,,,,,
52023d78-fb89-4c63-ad02-a01025d5c9e0,,Evaluation at Registration,,,Misc,Numeric,,,,,,,,,
beb3a98c-f83d-4f04-8acf-4b9805e2b71a,,Evaluation Date,,,Misc,Date,,,,,,,,,
8baadb26-003f-4527-957f-b93a33b81b7d,TRUE,Alveolar width,,,Misc,Numeric,,,,,,,,,
2cb36604-f672-4bdb-bafb-0ecf8e41759d,,Operation date,,,Misc,Date,,,,,,,,,
6fec26d8-da96-404d-af65-7db7f05567cd,,Cleft Palate width,Cleft Palate Width (cm),,Misc,Numeric,,TRUE,,,,,,,
34f47548-8243-4fc3-b5ba-0f9896e7316c,,Palatal self size,,,Misc,Numeric,,TRUE,,,,,,,
d349de6f-dc58-4940-a768-a55a58ab9d91,,Ratio,,,Misc,Numeric,,TRUE,,,,,,,
614bffc2-7f61-42b3-8c8d-728fb6636a2f,,Type of Cleft Palate I,,,Misc,N/A,,,,,,,,,
7b04a058-e4e3-4d31-9240-799396fb5e97,,Type of Cleft Palate II,,,Misc,N/A,,,,,,,,,
14d2efae-ed4c-4b67-9d57-e9fc87f40eaf,,Type of Cleft Palate III,,,Misc,N/A,,,,,,,,,
9584d756-ea81-46b1-bd72-0998b950d486,,Type of Cleft Palate IV,,,Misc,N/A,,,,,,,,,
5536694d-b3f2-4180-804a-ee148ca82f7b,,Speech Intervention Service-specific Info 0 - 3yrs,,,Misc,Text,,,,,,,,,
f20c2549-1696-4634-bebe-4a6e3dd5b8d7,,Speech Intervention Service-specific Info 3yrs and older,,,Misc,Text,,,,,,,,,
b3c5677d-4004-435c-8f82-84d20c538d61,,Before conception,,,Misc,N/A,,,,,,,,,
ad246f38-5a24-4872-97b5-b10f8b44a210,,During pregnancy,,,Misc,N/A,,,,,,,,,
c241790b-5e28-4612-babd-a0fb573f8f04,,Before conception and during pregnancy,,,Misc,N/A,,,,,,,,,
7bc8d97d-2c15-4254-af6c-bf2b4e3a02ab,,Diagnosis and Etiology,,,Misc,Text,,,,,,,,,
8bba28d7-f07e-4d1e-99c9-9df47c10bd2c,,Treatment Objectives,,,Misc,Text,,,,,,,,,
2eb60280-36dc-4972-adeb-ca732bf2828c,,Prognosis,,,Misc,Text,,,,,,,,,
719a6210-8ee7-458b-9f70-31f29f1a5cb1,,Type of Appliance,,,Misc,Text,,,,,,,,,
0615f309-2773-4063-bd09-b6e5633b9600,,Bracket System and Slot,,,Misc,Text,,,,,,,,,
deff4435-bc6b-4178-b6fa-3b5df74ca4d3,,Treatment Plan,,,Misc,Text,,,,,,,,,
a3293119-9467-4fc3-9114-57d677fa7725,,Frontal,,,Misc,Boolean,,,,,,,,,
e1b38604-d1a1-4450-bd01-cd39fb0e7051,,Before Treatment Frontal Smiling image,,,Misc,Boolean,,,,,,,,,
7e13437f-0762-460a-be82-8dbc0aa983c2,,Before Treatment Frontal image,,,Misc,Boolean,,,,,,,,,
5f78b897-4717-461d-820c-47ab0c3194a0,,Before Treatment Profile Image,,,Misc,Boolean,,,,,,,,,
a5d68646-c91c-4428-a869-13ad3a0f4c58,,Before Treatment Anterior in Occlusion Image,,,Misc,Boolean,,,,,,,,,
20935827-1178-4a20-ab7b-58cc5246d6e3,,Before Treatment Left Molar Image,,,Misc,Boolean,,,,,,,,,
8ab54b9f-a735-41f2-a025-a4d592ccad4a,,Before Treatment Right Molar Image,,,Misc,Boolean,,,,,,,,,
24f76a77-1cbf-4574-89b7-238a42828f80,,Before Treatment Upper Arch Image,,,Misc,Boolean,,,,,,,,,
55a5a894-6336-4d4f-a4a3-180808f1d105,,Before Treatment Lower Arch Image,,,Misc,Boolean,,,,,,,,,
53da0376-a564-49ec-8e51-9f5ca89b323d,,Before Treatment Over Jet Image,,,Misc,Boolean,,,,,,,,,
d4222593-fd28-4b7e-8220-e45630dc5f1f,,Before Treatment Profile at 45 degree image,,,Misc,Datetime,,,,,,,,,
53e3be63-609a-42b3-afd3-89e1eac4a7ce,,During first trimester,,,Misc,N/A,,,,,,,,,
7e617c63-9166-4189-a6a8-16984a2a22ba,,During second trimester,,,Misc,N/A,,,,,,,,,
5cce2132-13d4-4780-b4cb-0a53a6b2f92b,,During third trimester,,,Misc,N/A,,,,,,,,,
086b3012-1437-49b3-b90f-3720639b67a1,,Vitamin comment,,,Misc,Text,,,,,,,,,
fb2f3a5b-f050-4c1b-bf1e-bfb560ac0bcb,,Dental Treatment Plan Comment,Comment,,Misc,Text,,,,,,,,,
8773de24-91ea-488c-81d0-828ea8fc559f,,ROA,,,Misc,N/A,,,,,,,,,
2cd5a3e7-56af-4083-b7c8-c35b9f4e0001,,FOA,,,Misc,N/A,,,,,,,,,
2c4d435f-d5b1-45f6-bbe3-072966606001,,Status of Alveolar Cleft,,,Misc,Text,,,,,,,,,
f240b89b-9754-4191-a67c-767e97eacba6,,Before Treatment Frontal image test,,,Image,Complex,ImageUrlHandler,,,,,,,,
6a249ef0-214d-4c30-9aa9-a06b9eff855c,,OPG (orthopantomography),,,Radiology,Text,,,,,,,,,
7fb8e1d2-2a32-4fef-9552-ada974a2d508,,Occlusal (IntraOral Xray),,,Radiology,Text,,,,,,,,,
ae0d1ec1-b11a-4730-9d23-0d6e3d47c589,,Periapical (IntraOral Xray),,,Radiology,Text,,,,,,,,,
778347ba-8439-4c56-ae98-1f9b5c5519e6,,Bitewing (IntraOral Xray),,,Radiology,Text,,,,,,,,,
5439da91-120e-45bc-9bef-e1cd9be3cd74,,Cephalometric,,,Radiology,Text,,,,,,,,,
1509c045-8903-4d22-904c-0746b37185d3,,Before Treatment Image - Frontal,,,Image,Complex,ImageUrlHandler,,,,,,,,
f5b01e49-b80b-4f3b-bb03-e29ec7bb445c,,Before Treatment Image - Frontal Smiling,,,Image,Complex,ImageUrlHandler,,,,,,,,
bc5759f0-2603-4c76-a03b-133196052542,,Before Treatment Image - Profile,,,Image,Complex,ImageUrlHandler,,,,,,,,
9157b202-1aae-465a-a113-3186fb7e7356,,Before Treatment Image - Profile at 45 degrees,,,Image,Complex,ImageUrlHandler,,,,,,,,
5660b2d2-2a82-48be-b22f-853e00db65ca,,Before Treatment Image - Anterior in Occlusion,,,Image,Complex,ImageUrlHandler,,,,,,,,
9d24d10f-483e-42a5-8f6d-2ffb105551df,,Before Treatment Image - Left Molar,,,Image,Complex,ImageUrlHandler,,,,,,,,
f325607d-0f85-43d8-8183-436a7de76d0b,,Before Treatment Image - Right Molar,,,Image,Complex,ImageUrlHandler,,,,,,,,
35505d75-27d0-4dee-9a6d-010e49735992,,Before Treatment Image - Upper Arch,,,Image,Complex,ImageUrlHandler,,,,,,,,
7be448e1-1bf4-44b2-a53e-d5ec15a3d885,,Before Treatment Image - Lower Arch,,,Image,Complex,ImageUrlHandler,,,,,,,,
5e4bc3ce-4b20-42f0-8de9-a7516c6c5038,,Before Treatment Image - Over Jet,,,Image,Complex,ImageUrlHandler,,,,,,,,
d56662b0-2d71-4707-ac78-dd9d0a515b5f,,Medication 1,,,Misc,Text,,,,,,,,,
8218ff19-99e9-4ee5-83ce-ea464309f659,,Medication 2,,,Misc,Text,,,,,,,,,
49ad65c5-8d6f-463f-8061-cbb8862538ad,,Speech Intelligibility and Understandability - Understandable,,,Misc,Coded,,,,,,,a2065636-5326-40f5-aed6-0cc2cca81ccc;b497171e-0410-4d8d-bbd4-7e1a8f8b504e,,
e2e0bc06-00e1-4330-8fb2-3e6aace13632,,Speech Intelligibility and Understandability - Hard to Understand,,,Misc,Coded,,,,,,,a2065636-5326-40f5-aed6-0cc2cca81ccc;b497171e-0410-4d8d-bbd4-7e1a8f8b504e,,
c0d11cab-2fdc-4529-a8be-882132914e9f,,Speech Intelligibility and Understandability - Often Hard to Understand,,,Misc,Coded,,,,,,,a2065636-5326-40f5-aed6-0cc2cca81ccc;b497171e-0410-4d8d-bbd4-7e1a8f8b504e,,
49b5673c-3847-48fb-ab29-560d8a951a33,,Speech Intelligibility and Understandability - Hard to Understand Most of the time,,,Misc,Coded,,,,,,,a2065636-5326-40f5-aed6-0cc2cca81ccc;b497171e-0410-4d8d-bbd4-7e1a8f8b504e,,
18cda3d8-4162-4d86-83ff-fa03a8b97f06,,Speech Intelligibility and Understandability - Isolated words understandable,,,Misc,Coded,,,,,,,a2065636-5326-40f5-aed6-0cc2cca81ccc;b497171e-0410-4d8d-bbd4-7e1a8f8b504e,,
a3c51b4e-2e21-4717-a73d-da5fc6e0f142,,Septal Deviation,,,Misc,Coded,,,,,,,a2065636-5326-40f5-aed6-0cc2cca81ccc;b497171e-0410-4d8d-bbd4-7e1a8f8b504e,,
555cc22a-9577-4f2d-b35a-c921b780d152,TRUE,Clinic Member,,,Misc,Coded,,,,,,,,,
1fc403af-4c78-43c3-b426-fb8274c2020a,,Lip/Nose revision,Lip/Nose Revision,,Misc,Coded,,,,,,,,,
26e2f1db-34b3-4a4e-b10f-1ce6332b8418,,Cleft Surgery Type,Surgery Type,,ConvSet,Coded,,,,,,,,,
bbc6cf21-7614-4b60-b456-79c1d23ea87a,TRUE,Swahili,,,Misc,N/A,,,,,,,,,
0082e6f5-e799-4485-9bc4-294d1c10d036,,Cleft Lip Width,Cleft Lip Width (cm),,Misc,Numeric,,TRUE,,,,,,,
f00cb828-8f65-47f4-9983-1a5812f8560c,,Event Form to be completed,,,Misc,Coded,,,,,,,a2065636-5326-40f5-aed6-0cc2cca81ccc;b497171e-0410-4d8d-bbd4-7e1a8f8b504e,,
b5aec8a1-86f2-4dd7-959c-8152511d2d11,,Kassaye,,,Misc,N/A,,,,,,,,,
07f59380-8c78-4baf-9fc2-c60dd96fb6a0,,Hamere,,,Misc,N/A,,,,,,,,,
6cf0ee75-1dfb-4d79-bb2e-2a531e956cf6,,Merertu,,,Misc,N/A,,,,,,,,,
16054332-115b-429b-a2d8-308fc4dea7e7,,Anteneh,,,Misc,N/A,,,,,,,,,
6da370bd-9622-46e3-a02f-edb7fd198e03,,Surgery Event Comment,Comment,,Misc,Text,,,,,,,,,
a4f0c8b0-e487-4078-af68-deb16710d4c7,,Medication Comment,Comment,,Misc,Text,,,,,,,,,
44cf2b25-2c07-44cb-bb23-ef0434bd653b,,SW Client First Name,First Name,,Misc,Text,,,,,,,,,
e7594314-f599-4f4c-82a6-87832363ebae,,SW Client Middle Name,Middle Name,,Misc,Text,,,,,,,,,
65608fd9-ce24-435e-ab79-637eb94fb732,,SW Client Last Name,Last Name,,Misc,Text,,,,,,,,,
b17db401-fced-415c-9a0c-03cfcb1b6875,TRUE,Mererty,,,Misc,N/A,,,,,,,,,
cf20021c-3f89-4dde-8a2c-ace5f6acdb46,,Abeba,,,Misc,N/A,,,,,,,,,
165fc8d6-4561-4c57-bd65-a988401a75fc,,I Normal,,,Misc,N/A,,,,,,,,,
9d5f0fd3-782d-4d16-878f-21916d96d6cf,,II Overjet,,,Misc,N/A,,,,,,,,,
dc7e3296-1af5-4cef-93b3-fd26e5930c88,,III Underjet,,,Misc,N/A,,,,,,,,,
d44992c1-72b2-4be1-8161-d0509eeb9ed5,,Open Bite,,,Misc,N/A,,,,,,,,,
e454acd3-d7cf-40cf-b663-6829de376044,,Closed Bite,,,Misc,N/A,,,,,,,,,
2daf727d-2fa2-414c-a78f-d1ec75451d96,,Excessive,,,Misc,N/A,,,,,,,,,
aace13f7-8bc3-4c73-8891-87f0fdca6aff,,Guardian no concern,,,Misc,N/A,,,,,,,,,
83cc35b6-914a-47b0-9823-ed8ef30ac10f,,Mass,,,Misc,N/A,,,,,,,,,
ce3f907b-9f14-48a5-990b-bd97b30c2052,,Atretic,,,Misc,N/A,,,,,,,,,
4998aebd-3355-4590-a651-5a7cb3b7e7cc,,Foreign Body,,,Misc,N/A,,,,,,,,,
87e80e85-0991-4c91-9dd8-c3cf21b2c7fd,,Tender,,,Misc,N/A,,,,,,,,,
ae08fb58-43eb-423c-9d52-ec0c5dbb43e1,,Swollen,,,Misc,N/A,,,,,,,,,
56704c23-c131-44d5-8481-f519ae0d10c2,,Unilateral,,,Misc,N/A,,,,,,,,,
df911f74-739d-4d41-a609-a055377e301e,,Can Affect Language Development,,,Misc,N/A,,,,,,,,,
a84c7af7-163f-47f4-853a-2cf21d39648e,,Cannot Affect Language Development,,,Misc,N/A,,,,,,,,,
,,Pritee test,,,Misc,Text,,,,,,,,,
,,Demo,,,Misc,Text,,,,,,,,,
